"salary","count"
"80198","2"
"84925","2"
"86776","1"
"88837","1"
"83471","3"
"82673","1"
"86025","2"
"81126","1"
"81289","1"
"80779","2"
"87068","2"
"84198","1"
"86008","1"
"83650","3"
"83067","3"
"88154","1"
"82622","1"
"85206","1"
"83012","1"
"81206","2"
"80421","5"
"87266","2"
"83646","1"
"88459","1"
"83629","1"
"83706","2"
"85121","1"
"85285","3"
"82183","3"
"89602","1"
"87290","2"
"86313","1"
"81823","1"
"82878","1"
"85671","1"
"86090","1"
"89129","1"
"85957","2"
"83093","1"
"88208","1"
"88820","2"
"84987","1"
"80007","2"
"84574","2"
"80246","1"
"81661","3"
"85945","1"
"85306","1"
"82045","1"
"89422","2"
"83092","2"
"80202","2"
"81223","1"
"82519","1"
"82147","2"
"83466","1"
"82427","3"
"83376","1"
"82212","1"
"85810","1"
"80871","5"
"86156","2"
"86382","1"
"83550","1"
"84547","1"
"84103","1"
"84815","1"
"85205","1"
"80440","2"
"83438","1"
"82394","2"
"84477","1"
"84839","3"
"87295","3"
"87869","2"
"85632","3"
"83367","1"
"80401","1"
"80719","5"
"80604","3"
"83806","1"
"86908","3"
"81612","2"
"88696","3"
"84088","2"
"81338","1"
"84770","3"
"83323","2"
"80074","4"
"85537","1"
"84534","3"
"82203","4"
"80695","1"
"82467","1"
"84522","1"
"89431","1"
"83103","1"
"81328","2"
"80210","2"
"88498","1"
"89259","1"
"82146","3"
"88721","1"
"89569","1"
"80372","1"
"84579","2"
"80034","2"
"85376","1"
"84997","1"
"86937","2"
"80306","2"
"81522","1"
"82336","2"
"88243","2"
"83140","1"
"89417","1"
"88658","2"
"83119","1"
"85705","1"
"87232","1"
"82817","3"
"84149","2"
"88341","2"
"87221","1"
"84877","2"
"87898","1"
"83031","1"
"88189","1"
"80943","1"
"89892","1"
"87366","3"
"82981","1"
"84908","2"
"88652","2"
"81838","2"
"86979","1"
"87448","1"
"86162","4"
"85301","1"
"89057","1"
"81387","2"
"88953","2"
"88145","2"
"83609","3"
"85256","1"
"85636","2"
"85133","1"
"83476","3"
"85601","5"
"80489","2"
"81586","3"
"80400","3"
"81392","2"
"84756","1"
"83477","1"
"84755","2"
"84933","2"
"82416","2"
"82851","1"
"81397","3"
"85725","2"
"87439","2"
"86972","1"
"84856","2"
"89724","1"
"82412","1"
"82691","2"
"80309","1"
"89568","1"
"80770","1"
"83329","2"
"89077","3"
"81320","2"
"88676","1"
"82471","2"
"84133","1"
"88209","2"
"84585","1"
"89018","1"
"81595","1"
"84307","1"
"85455","4"
"85039","1"
"83853","1"
"87233","1"
"86367","1"
"84788","1"
"86342","2"
"86991","1"
"80661","2"
"81036","1"
"87224","3"
"80452","5"
"80881","1"
"84814","1"
"83296","1"
"88568","1"
"86675","1"
"80415","1"
"85534","2"
"84517","1"
"80222","1"
"83883","4"
"89080","2"
"84665","2"
"80751","1"
"86723","1"
"89855","2"
"81184","1"
"89229","4"
"85441","1"
"80083","1"
"83310","1"
"87527","2"
"83852","1"
"89230","1"
"80655","2"
"88931","1"
"88361","1"
"86676","3"
"83921","4"
"86512","2"
"85184","3"
"87086","2"
"82649","2"
"82953","1"
"80017","3"
"84427","2"
"80196","1"
"86754","2"
"88262","1"
"84983","2"
"85911","1"
"84571","1"
"85637","2"
"80010","2"
"82271","1"
"87251","1"
"81611","1"
"88624","2"
"86032","2"
"82353","1"
"86768","1"
"80857","1"
"81006","3"
"81003","5"
"83607","1"
"81357","2"
"82075","1"
"87999","2"
"86448","1"
"86686","2"
"80494","1"
"86287","1"
"81619","1"
"84766","1"
"82039","3"
"83136","3"
"81678","2"
"86027","3"
"88701","2"
"82511","2"
"87839","1"
"84259","1"
"83515","1"
"80145","4"
"84211","2"
"81787","1"
"81175","1"
"81539","2"
"85250","2"
"81756","4"
"81579","1"
"80411","2"
"85570","1"
"82436","3"
"88435","1"
"83909","1"
"86961","2"
"82543","1"
"85904","3"
"82942","1"
"85023","1"
"80917","5"
"89415","1"
"81559","3"
"88621","2"
"81918","2"
"89052","2"
"87913","1"
"83134","1"
"86263","1"
"87753","2"
"82386","3"
"87308","1"
"82266","1"
"83343","1"
"88625","1"
"87794","1"
"83453","3"
"81608","2"
"86365","1"
"87289","1"
"81489","1"
"81560","1"
"81547","2"
"85134","1"
"83712","1"
"82632","3"
"89234","1"
"84324","3"
"86694","2"
"80237","1"
"83595","1"
"80057","1"
"82108","3"
"88197","1"
"87616","1"
"80697","1"
"81490","1"
"87926","1"
"80313","3"
"82494","4"
"86998","2"
"84984","1"
"85419","2"
"84965","1"
"81422","2"
"87458","1"
"83286","2"
"83788","2"
"81577","1"
"80834","1"
"81348","2"
"81212","3"
"83147","1"
"82971","1"
"89182","1"
"80215","1"
"85195","1"
"89861","1"
"83933","1"
"85326","1"
"88735","1"
"84350","3"
"87973","1"
"86787","2"
"81703","1"
"80763","3"
"85066","4"
"86959","2"
"84494","1"
"86176","1"
"86835","2"
"82233","1"
"81477","1"
"81417","1"
"87841","1"
"81024","1"
"87726","2"
"87457","1"
"89455","1"
"89159","1"
"86608","2"
"80997","1"
"89534","4"
"85084","3"
"89736","1"
"87974","1"
"85443","1"
"88988","2"
"81672","1"
"86099","1"
"84447","1"
"81219","1"
"81388","1"
"83395","1"
"86523","1"
"87870","1"
"87566","1"
"88367","2"
"89782","1"
"85642","1"
"85529","2"
"88709","1"
"81238","1"
"83382","1"
"84271","2"
"86725","2"
"87009","1"
"80187","1"
"82094","1"
"87164","1"
"81136","2"
"83767","2"
"89090","1"
"83324","1"
"87244","1"
"82259","1"
"84038","2"
"86806","3"
"80375","2"
"87966","2"
"84780","5"
"85113","1"
"88979","2"
"86434","1"
"80711","1"
"86721","2"
"81073","3"
"87256","3"
"89251","2"
"86711","1"
"84015","2"
"86620","3"
"82625","3"
"81708","2"
"82198","3"
"86202","1"
"88445","1"
"86331","1"
"83828","3"
"81498","4"
"83599","1"
"88966","1"
"86210","1"
"80221","1"
"80775","3"
"81288","1"
"84830","2"
"85119","2"
"81102","3"
"87903","1"
"83085","3"
"85093","2"
"87023","1"
"85263","1"
"88516","1"
"81824","2"
"85331","3"
"84185","1"
"89097","2"
"88016","1"
"80912","2"
"82737","3"
"81085","3"
"80022","3"
"83923","2"
"85947","2"
"89544","3"
"86669","1"
"88259","2"
"82371","1"
"81080","5"
"85221","1"
"84749","2"
"84834","1"
"89017","1"
"81768","1"
"87801","1"
"80181","3"
"86940","2"
"83184","1"
"83818","2"
"81185","2"
"88653","1"
"89897","1"
"85264","2"
"84268","2"
"83112","2"
"80678","2"
"83956","3"
"85103","4"
"83798","1"
"88887","1"
"83766","2"
"85765","2"
"83578","2"
"83704","1"
"83143","1"
"81712","1"
"85181","1"
"84277","2"
"82776","2"
"86060","1"
"80043","2"
"84020","2"
"82197","1"
"82032","2"
"82646","2"
"88921","1"
"83445","2"
"82185","3"
"84497","2"
"81972","2"
"80136","2"
"82483","1"
"88730","1"
"87292","1"
"87194","1"
"81673","1"
"82238","1"
"80626","1"
"89859","1"
"80952","1"
"86820","1"
"80238","2"
"85954","1"
"85580","1"
"85188","1"
"81956","3"
"87795","2"
"83461","2"
"83648","2"
"83764","1"
"83835","1"
"82170","1"
"89401","3"
"82431","2"
"89923","2"
"82296","1"
"81276","2"
"87357","1"
"88093","2"
"87012","1"
"83993","1"
"85686","1"
"82158","2"
"82969","2"
"89128","1"
"88212","1"
"85953","1"
"84460","2"
"83621","1"
"87367","2"
"84206","1"
"86633","1"
"86110","2"
"88159","1"
"85586","1"
"89515","1"
"81010","3"
"83791","2"
"81280","5"
"80539","3"
"83084","2"
"89446","1"
"81007","2"
"84760","1"
"82548","3"
"80820","2"
"84958","1"
"87435","1"
"81713","1"
"81196","2"
"88875","2"
"86244","1"
"83619","2"
"86780","1"
"80212","3"
"89099","1"
"89498","1"
"86196","1"
"83160","2"
"80839","3"
"84389","1"
"89084","1"
"88891","2"
"83566","2"
"81045","3"
"86232","2"
"84790","1"
"84354","2"
"87719","2"
"84459","1"
"86094","1"
"86532","3"
"81964","2"
"81656","2"
"83894","2"
"83592","2"
"85262","2"
"84825","1"
"80769","1"
"87253","1"
"80556","3"
"89046","2"
"83386","1"
"85624","2"
"88284","1"
"85795","1"
"85260","1"
"84356","3"
"80895","1"
"81887","2"
"85804","2"
"89358","1"
"83293","1"
"83144","3"
"83443","3"
"83432","2"
"84993","1"
"80504","1"
"84296","1"
"82803","1"
"83086","1"
"80647","3"
"84940","1"
"89535","1"
"89297","1"
"82318","3"
"85316","2"
"88613","3"
"82460","2"
"84810","1"
"84262","2"
"88327","1"
"84390","1"
"84235","1"
"88631","1"
"80615","3"
"83738","1"
"87470","1"
"80589","1"
"81412","3"
"84625","1"
"87158","2"
"81286","2"
"89408","2"
"82456","2"
"87515","2"
"80973","4"
"82902","1"
"81773","4"
"84355","2"
"87816","1"
"87389","1"
"86276","1"
"88292","2"
"81269","1"
"80892","3"
"86763","1"
"81100","2"
"89657","1"
"81897","2"
"83904","1"
"82848","2"
"81008","1"
"80048","1"
"87791","1"
"87385","2"
"84970","1"
"85042","1"
"82182","3"
"86166","1"
"89711","1"
"82841","2"
"85450","1"
"86413","2"
"88540","1"
"89507","2"
"82894","3"
"88484","1"
"80929","1"
"89850","2"
"86829","2"
"88786","1"
"85578","3"
"84926","6"
"80487","2"
"85101","1"
"81700","1"
"88674","2"
"82283","2"
"83903","2"
"86576","1"
"84142","2"
"89095","1"
"81724","2"
"87053","1"
"85335","2"
"87318","1"
"89907","2"
"86440","2"
"81029","3"
"86650","1"
"86504","2"
"82835","3"
"82288","1"
"88374","1"
"82303","1"
"84715","2"
"87188","1"
"83370","1"
"88251","1"
"87873","2"
"82576","1"
"84311","2"
"82667","1"
"80762","1"
"82967","1"
"85970","3"
"84555","1"
"88130","1"
"81346","2"
"81390","1"
"82647","1"
"84976","1"
"84992","1"
"86662","2"
"80592","1"
"88789","3"
"89452","2"
"82809","1"
"88143","3"
"82814","3"
"80200","1"
"85775","1"
"88722","1"
"80585","1"
"88949","1"
"84183","4"
"87605","2"
"80219","1"
"81279","3"
"80323","1"
"83715","1"
"87020","1"
"80395","1"
"83352","1"
"86710","1"
"85366","2"
"88357","1"
"81290","1"
"87124","2"
"81743","2"
"87805","2"
"86983","3"
"82313","1"
"89857","1"
"80883","3"
"81617","1"
"84565","6"
"80971","2"
"84526","1"
"80160","1"
"85319","1"
"86323","2"
"80672","2"
"87888","1"
"85323","2"
"81775","1"
"80577","4"
"86649","1"
"85018","3"
"87907","3"
"81130","2"
"81762","1"
"80926","3"
"81329","2"
"84619","1"
"80067","3"
"89280","1"
"82115","3"
"83808","2"
"81727","1"
"80370","4"
"84409","3"
"80701","1"
"82174","3"
"85966","3"
"82388","6"
"87155","1"
"88432","2"
"82331","2"
"89652","1"
"82300","1"
"84594","1"
"84833","4"
"85989","1"
"88003","1"
"88430","1"
"81466","2"
"85320","1"
"81215","2"
"88495","2"
"84691","3"
"89527","1"
"83642","2"
"80502","4"
"81722","3"
"84334","1"
"83091","3"
"84140","2"
"85927","2"
"82920","1"
"82871","2"
"82811","2"
"82179","2"
"89987","1"
"84850","1"
"88776","1"
"84639","1"
"80027","1"
"87666","2"
"89216","2"
"88260","4"
"82066","1"
"81158","3"
"80956","3"
"80877","1"
"87167","2"
"81930","1"
"80302","3"
"88583","1"
"84605","1"
"89737","2"
"83771","3"
"85628","1"
"80389","1"
"82510","1"
"85683","1"
"84630","1"
"81174","1"
"89434","1"
"83573","2"
"82110","2"
"83778","1"
"83908","1"
"88452","1"
"80461","1"
"85041","2"
"89449","2"
"80559","1"
"82921","1"
"87773","1"
"83552","1"
"86552","1"
"82237","2"
"81244","2"
"82679","1"
"87856","1"
"83685","1"
"89810","2"
"88729","1"
"89209","1"
"80119","3"
"80736","2"
"85937","1"
"84306","2"
"89014","1"
"83472","1"
"81868","2"
"87572","1"
"84249","2"
"80257","2"
"82899","1"
"84099","3"
"89329","1"
"86011","2"
"81079","4"
"82408","3"
"82685","3"
"88441","3"
"87312","1"
"84628","3"
"81221","2"
"84373","2"
"85750","1"
"86028","1"
"80408","3"
"84906","2"
"80645","3"
"81911","1"
"84803","2"
"81245","2"
"86746","1"
"87896","1"
"81465","1"
"82263","1"
"82816","2"
"84448","1"
"82311","1"
"85786","1"
"88172","3"
"89331","2"
"83377","1"
"81319","1"
"89930","1"
"88127","3"
"81372","2"
"89330","1"
"85863","2"
"86969","1"
"81668","3"
"82621","1"
"87214","1"
"89179","1"
"83690","1"
"88499","1"
"86258","1"
"82488","1"
"87626","1"
"82837","1"
"86063","2"
"84403","1"
"81613","2"
"82393","1"
"85440","1"
"86960","4"
"84956","1"
"82454","4"
"86137","1"
"86407","5"
"81395","1"
"81854","3"
"82013","1"
"86272","1"
"88904","2"
"85982","2"
"88773","1"
"80394","7"
"88384","1"
"83047","4"
"82255","3"
"89574","1"
"83604","1"
"86107","1"
"87342","3"
"81252","2"
"86999","3"
"85426","2"
"81503","4"
"85489","1"
"89662","2"
"87910","2"
"86941","1"
"81400","1"
"87947","1"
"84892","1"
"88513","1"
"88114","1"
"81936","2"
"81529","2"
"85212","2"
"89998","1"
"80224","3"
"86866","1"
"81947","1"
"85505","1"
"80893","2"
"89694","2"
"88306","1"
"87758","1"
"81217","2"
"89451","2"
"80491","1"
"80161","3"
"85465","4"
"89034","2"
"84012","1"
"85445","1"
"83509","1"
"87653","3"
"83480","2"
"86105","2"
"87778","1"
"80218","3"
"81974","3"
"87735","1"
"86126","1"
"81493","4"
"80664","1"
"88839","1"
"89631","2"
"82892","1"
"89978","1"
"85589","2"
"88252","4"
"81926","1"
"80264","1"
"84108","1"
"88728","1"
"80842","2"
"86198","2"
"89220","1"
"85799","1"
"87651","4"
"81620","4"
"86421","1"
"87335","3"
"83493","2"
"88627","2"
"88672","1"
"89636","1"
"81046","1"
"81183","4"
"84238","2"
"81458","1"
"80226","3"
"88350","3"
"86511","1"
"85224","1"
"87433","1"
"87714","1"
"83695","3"
"82768","1"
"81558","1"
"80118","2"
"82738","3"
"85315","2"
"83211","2"
"84167","1"
"83582","3"
"86747","1"
"87415","2"
"86684","1"
"89581","1"
"80129","3"
"80478","1"
"83244","2"
"85456","2"
"81764","2"
"89448","1"
"83934","2"
"87428","1"
"82175","5"
"81662","4"
"82887","1"
"80525","1"
"82866","2"
"80568","2"
"80171","1"
"86087","1"
"80902","3"
"81736","1"
"84826","3"
"80283","1"
"87814","1"
"81499","1"
"81274","1"
"84269","1"
"83281","2"
"89316","2"
"88401","1"
"86416","1"
"84741","4"
"84005","1"
"89553","1"
"85530","3"
"87222","2"
"81538","4"
"81740","1"
"86667","1"
"89072","1"
"85182","1"
"81719","1"
"80032","1"
"88654","1"
"87215","1"
"83845","2"
"83456","2"
"81065","1"
"83321","2"
"86955","1"
"80320","1"
"85249","1"
"81981","3"
"81557","1"
"82773","1"
"80657","1"
"83266","1"
"88723","3"
"84916","4"
"87642","3"
"82287","1"
"84002","2"
"86327","1"
"80054","1"
"87612","1"
"80244","5"
"81874","2"
"89479","1"
"81368","1"
"86190","2"
"84737","4"
"88872","1"
"84253","1"
"86046","1"
"89025","1"
"83242","2"
"82975","1"
"82014","4"
"83485","2"
"88156","2"
"89315","1"
"85801","2"
"83547","1"
"83693","1"
"82680","1"
"87765","1"
"81460","2"
"85825","1"
"81813","2"
"80358","1"
"88666","2"
"89692","1"
"80548","1"
"84456","1"
"84280","2"
"86626","1"
"85564","2"
"89565","1"
"89653","1"
"83083","2"
"84131","1"
"82368","4"
"89371","1"
"80303","1"
"85269","2"
"83364","4"
"87038","2"
"88569","2"
"82159","1"
"80629","1"
"82521","1"
"82690","2"
"88910","1"
"87480","1"
"82804","2"
"81271","3"
"82897","1"
"81965","5"
"89525","2"
"80318","5"
"89266","1"
"85643","1"
"83775","3"
"88058","2"
"86300","1"
"83594","2"
"86697","1"
"89194","1"
"83229","1"
"87701","1"
"83575","1"
"86038","1"
"80367","3"
"85843","1"
"81807","2"
"83504","1"
"83919","1"
"84757","3"
"81315","2"
"89011","1"
"84931","2"
"82860","2"
"89149","2"
"83802","2"
"88981","3"
"89841","1"
"81602","2"
"80836","2"
"84010","1"
"80889","2"
"82775","2"
"82639","2"
"84279","1"
"81853","1"
"87733","2"
"81267","1"
"87372","1"
"81295","1"
"85203","1"
"80747","1"
"82618","1"
"85143","1"
"86026","1"
"85241","3"
"85984","2"
"88113","1"
"88177","1"
"87280","3"
"81535","2"
"81636","4"
"81364","1"
"83368","1"
"83180","1"
"89036","1"
"86548","2"
"82370","3"
"81344","1"
"81138","5"
"87368","2"
"81047","1"
"87084","1"
"89143","3"
"85225","3"
"85776","1"
"87461","2"
"85282","1"
"85063","2"
"85052","1"
"88426","1"
"82249","4"
"88882","2"
"87821","1"
"80225","2"
"80760","1"
"81990","1"
"81491","3"
"83080","7"
"85448","1"
"85554","2"
"81394","1"
"82986","2"
"80377","2"
"81717","2"
"82557","3"
"88665","2"
"84321","1"
"84935","2"
"88825","2"
"88188","1"
"82057","1"
"85763","1"
"86860","3"
"84035","3"
"84706","2"
"88898","1"
"87950","2"
"83292","4"
"82178","1"
"87861","1"
"80848","4"
"80951","1"
"86522","1"
"84266","2"
"82403","3"
"87674","2"
"85374","2"
"88914","1"
"80630","3"
"83569","3"
"82314","2"
"87669","1"
"87662","2"
"81785","3"
"83982","2"
"84785","2"
"82277","3"
"84026","3"
"84470","2"
"81225","1"
"86335","1"
"82053","1"
"85990","1"
"82031","1"
"84362","2"
"81371","3"
"85588","1"
"83389","1"
"89372","2"
"84502","1"
"84023","2"
"88258","1"
"82096","3"
"84239","1"
"80366","1"
"87142","1"
"85371","2"
"81506","2"
"89048","1"
"80740","1"
"85086","1"
"89665","1"
"80388","3"
"84538","1"
"83994","1"
"81715","3"
"86251","1"
"81903","1"
"85430","1"
"82641","1"
"89501","2"
"85462","1"
"87163","2"
"87474","1"
"89580","1"
"81039","1"
"82383","2"
"84659","1"
"87057","1"
"81299","2"
"88767","3"
"88410","1"
"83928","2"
"85567","2"
"83832","1"
"84675","1"
"89853","2"
"83122","2"
"84426","1"
"84500","4"
"87116","1"
"80898","2"
"84181","1"
"84047","2"
"81306","2"
"81147","2"
"86994","2"
"82278","2"
"87724","2"
"85503","1"
"81205","3"
"85202","1"
"83032","1"
"81495","4"
"82279","1"
"83869","1"
"80994","2"
"83175","2"
"83217","1"
"83744","3"
"84129","1"
"81814","1"
"89087","1"
"85469","1"
"83097","1"
"88941","1"
"80614","3"
"80710","2"
"80822","4"
"89396","1"
"88945","4"
"87144","1"
"80726","1"
"86143","3"
"86334","3"
"89890","1"
"86278","4"
"80610","3"
"83556","3"
"81626","1"
"82883","1"
"82677","1"
"82721","1"
"81919","3"
"82118","1"
"89663","2"
"84233","1"
"83887","1"
"87016","1"
"87062","2"
"88089","1"
"83918","1"
"80979","1"
"80105","1"
"88871","1"
"80254","3"
"85762","1"
"84878","1"
"88870","1"
"89047","1"
"89958","1"
"87087","1"
"82308","3"
"86034","1"
"85994","1"
"84743","1"
"80424","3"
"87468","1"
"80197","2"
"88406","1"
"85932","1"
"83169","2"
"80447","1"
"81093","3"
"85255","1"
"84652","2"
"89712","1"
"81292","2"
"80835","2"
"81470","2"
"87089","1"
"82652","1"
"85266","4"
"80967","2"
"86218","2"
"80699","3"
"83843","4"
"84394","2"
"89837","2"
"87970","1"
"83743","1"
"83426","2"
"83826","3"
"80014","2"
"82002","1"
"82026","4"
"89646","2"
"83949","1"
"83118","2"
"80108","3"
"85560","1"
"81830","2"
"81945","1"
"85655","1"
"80301","2"
"81067","2"
"87049","3"
"85353","2"
"87842","1"
"83325","2"
"89302","2"
"86555","2"
"81424","2"
"80071","1"
"85402","1"
"81187","3"
"87353","3"
"84924","3"
"81349","2"
"81533","1"
"88101","1"
"83860","1"
"89360","2"
"81971","1"
"80791","2"
"83268","1"
"81758","2"
"82574","1"
"85968","1"
"88908","2"
"80058","1"
"86757","3"
"84710","2"
"83823","1"
"80170","1"
"81575","1"
"82258","1"
"85160","3"
"83087","1"
"81554","1"
"80939","1"
"84895","1"
"83658","1"
"80442","1"
"80175","3"
"82000","1"
"80870","2"
"88249","1"
"80330","4"
"82922","2"
"86351","1"
"83703","1"
"82598","3"
"89503","1"
"80838","1"
"80879","3"
"83450","1"
"85248","1"
"83358","4"
"87965","3"
"84869","3"
"80571","1"
"84923","4"
"82181","2"
"82006","1"
"89623","2"
"82135","2"
"86878","2"
"81900","1"
"85821","1"
"80361","2"
"84412","2"
"82863","1"
"86691","1"
"86479","1"
"84364","1"
"80120","1"
"87741","1"
"89642","1"
"81780","1"
"85565","1"
"88050","1"
"86316","3"
"81260","2"
"82206","1"
"87672","1"
"87584","1"
"81955","2"
"86474","1"
"82209","3"
"89688","1"
"85056","1"
"83004","1"
"82218","2"
"88321","1"
"84184","1"
"84742","2"
"88784","1"
"82525","4"
"80038","4"
"89241","2"
"89314","4"
"88826","2"
"86515","1"
"89260","1"
"82714","1"
"80070","1"
"84260","1"
"83820","2"
"81426","1"
"83865","2"
"84318","2"
"84486","2"
"81737","1"
"87170","1"
"83888","2"
"80116","2"
"85468","2"
"86658","1"
"86297","1"
"83401","1"
"88642","1"
"80950","2"
"89910","1"
"83862","2"
"87055","4"
"85190","3"
"83247","2"
"88798","1"
"86810","2"
"85817","3"
"83283","1"
"86886","1"
"89794","1"
"85296","1"
"85618","1"
"83379","1"
"86652","1"
"83261","3"
"80493","1"
"83423","2"
"83001","1"
"81195","1"
"85662","1"
"87173","2"
"87378","1"
"85504","2"
"80438","1"
"87137","1"
"80284","2"
"83526","5"
"89927","1"
"82052","4"
"81963","1"
"87126","1"
"86113","1"
"82253","1"
"88810","1"
"89086","3"
"86526","3"
"85090","1"
"87633","3"
"82435","1"
"89583","1"
"81303","1"
"86808","1"
"87304","1"
"81382","1"
"86893","1"
"80239","2"
"83351","2"
"84322","1"
"84090","4"
"86178","2"
"85172","2"
"88052","2"
"83735","1"
"81239","4"
"84709","2"
"81014","2"
"84397","1"
"84441","1"
"85766","2"
"89788","1"
"86064","1"
"85711","2"
"85399","3"
"88922","2"
"83804","1"
"88897","1"
"85969","2"
"80168","3"
"84602","1"
"85656","1"
"80669","2"
"87904","1"
"84401","3"
"85065","2"
"82781","3"
"86171","2"
"85118","1"
"83202","2"
"80557","2"
"81414","1"
"82505","3"
"83699","1"
"84478","1"
"84622","1"
"83589","2"
"82988","1"
"86422","1"
"87501","1"
"81615","3"
"86308","2"
"84136","3"
"82375","3"
"85958","2"
"80482","2"
"82081","1"
"84580","1"
"80773","1"
"81805","2"
"84434","1"
"83052","2"
"83384","3"
"89622","1"
"86281","1"
"87002","1"
"85072","1"
"86095","1"
"85363","1"
"80653","2"
"89541","1"
"80205","2"
"86254","1"
"85356","1"
"85291","2"
"82391","2"
"85659","1"
"86657","3"
"84345","2"
"80009","1"
"82126","3"
"86115","1"
"82509","1"
"84368","1"
"84120","2"
"84818","2"
"80199","2"
"82204","1"
"80428","1"
"84683","1"
"80268","1"
"84111","3"
"82575","1"
"87855","1"
"85741","1"
"86735","2"
"89674","1"
"80441","2"
"86432","2"
"87648","1"
"80612","1"
"82477","1"
"86781","4"
"86454","2"
"87063","2"
"80496","1"
"87358","1"
"87032","3"
"87619","1"
"82741","2"
"80880","1"
"82397","2"
"89305","1"
"87355","1"
"84053","1"
"89983","1"
"83285","3"
"87079","1"
"87223","2"
"80872","2"
"87455","2"
"83035","2"
"88140","1"
"80352","2"
"89600","3"
"85681","1"
"85758","2"
"86699","1"
"84204","1"
"87922","2"
"87997","3"
"80598","1"
"87112","1"
"89343","1"
"81566","1"
"82211","1"
"80663","1"
"82959","3"
"82017","2"
"84663","1"
"85797","1"
"89272","1"
"85733","2"
"80342","3"
"83396","2"
"85572","3"
"84423","2"
"81471","3"
"84792","1"
"81237","2"
"82148","1"
"81381","5"
"86410","1"
"80650","1"
"84030","1"
"80127","2"
"88247","1"
"84155","1"
"83305","2"
"82073","2"
"80718","3"
"83792","2"
"84618","1"
"87466","1"
"83939","1"
"83541","2"
"85016","1"
"83192","1"
"86074","2"
"84868","1"
"85665","1"
"86248","2"
"84033","2"
"82774","3"
"85780","1"
"85012","1"
"84203","2"
"88217","2"
"83520","2"
"81110","2"
"86428","3"
"80435","3"
"81071","1"
"88800","1"
"81937","2"
"86332","1"
"81870","2"
"88970","1"
"86880","1"
"86004","2"
"87356","3"
"83105","1"
"81125","3"
"87039","1"
"84170","1"
"82248","1"
"85944","3"
"81803","1"
"80488","2"
"89511","1"
"82040","4"
"81282","2"
"87066","1"
"86018","1"
"82256","3"
"89865","1"
"83917","3"
"80878","1"
"80061","1"
"82517","4"
"80679","2"
"87764","1"
"84125","2"
"87598","1"
"85878","4"
"83257","1"
"84058","2"
"87522","1"
"88933","2"
"83549","1"
"84600","1"
"81795","1"
"81659","5"
"88009","1"
"86042","2"
"85292","4"
"88614","1"
"83540","1"
"89009","3"
"81042","1"
"82800","2"
"82340","2"
"89269","2"
"87430","1"
"82609","1"
"80066","2"
"84291","1"
"83836","2"
"87908","2"
"84297","1"
"80426","2"
"85372","1"
"86001","2"
"81190","2"
"84013","3"
"85785","1"
"83145","1"
"87204","1"
"82605","1"
"83350","1"
"83773","1"
"84671","2"
"81109","2"
"82100","1"
"80307","1"
"81139","2"
"88346","1"
"83906","1"
"84173","1"
"84918","2"
"84855","1"
"87936","1"
"89959","2"
"87166","1"
"87891","1"
"84008","1"
"82586","2"
"83025","2"
"87069","1"
"88429","2"
"83627","2"
"80402","1"
"83759","2"
"83194","1"
"89447","1"
"81043","2"
"86302","2"
"80603","3"
"81607","1"
"82455","1"
"83538","1"
"86456","1"
"87577","3"
"82429","1"
"82273","1"
"85061","2"
"87824","3"
"84662","3"
"85791","1"
"88500","1"
"82241","1"
"80921","1"
"86048","1"
"86986","1"
"82164","1"
"80079","3"
"83839","4"
"85551","1"
"81799","1"
"82244","3"
"86856","1"
"86745","1"
"82506","1"
"84153","1"
"82694","2"
"86372","1"
"86822","3"
"86755","1"
"81192","1"
"86771","1"
"85740","2"
"88042","1"
"80933","1"
"87024","2"
"88691","1"
"80578","1"
"83060","2"
"83291","3"
"85890","1"
"87034","1"
"81450","1"
"81469","1"
"87296","2"
"83987","1"
"80033","1"
"83327","1"
"82079","1"
"83879","1"
"80039","1"
"83781","3"
"83410","1"
"83777","1"
"89076","2"
"86590","2"
"84332","2"
"81442","1"
"81623","1"
"88567","1"
"85406","1"
"83096","3"
"80774","6"
"87300","2"
"81082","1"
"88399","1"
"85347","1"
"80662","1"
"80796","3"
"82019","2"
"83555","1"
"80004","2"
"81248","1"
"80466","4"
"83487","2"
"82719","3"
"86738","1"
"86916","2"
"85407","2"
"82475","4"
"84287","2"
"81517","1"
"87967","1"
"86066","1"
"83348","1"
"82949","3"
"86125","1"
"85745","3"
"85539","1"
"84118","1"
"86525","1"
"81030","1"
"86616","1"
"87607","2"
"82210","3"
"80444","2"
"81929","3"
"84882","3"
"88705","1"
"80258","1"
"84853","1"
"87484","1"
"89370","1"
"84137","1"
"85948","2"
"88271","1"
"83930","2"
"85029","1"
"83347","2"
"83568","4"
"84004","3"
"88095","1"
"80897","3"
"89010","2"
"80532","1"
"81149","2"
"82786","1"
"87740","1"
"80570","1"
"88795","1"
"89704","1"
"85436","1"
"81635","2"
"80463","2"
"80674","4"
"88542","1"
"84657","1"
"82518","2"
"83158","1"
"82693","1"
"83216","1"
"80220","2"
"85859","3"
"87750","3"
"89441","1"
"87045","2"
"88855","1"
"85000","4"
"81406","2"
"82805","4"
"84220","3"
"89351","1"
"85987","3"
"80659","2"
"83591","3"
"80861","2"
"88750","2"
"85972","1"
"82240","1"
"82171","2"
"81076","2"
"89402","1"
"88248","1"
"82904","2"
"87006","2"
"83964","2"
"83094","2"
"83337","1"
"88214","1"
"85397","2"
"82991","4"
"88279","1"
"87482","1"
"88736","1"
"87449","1"
"85116","1"
"86007","3"
"83951","1"
"83668","1"
"80449","1"
"82276","2"
"80111","1"
"88427","2"
"86487","1"
"89000","1"
"80448","2"
"87445","2"
"88274","1"
"86296","4"
"83977","1"
"89603","1"
"85308","2"
"84795","1"
"83874","4"
"89532","1"
"81194","2"
"83725","1"
"84591","1"
"80072","1"
"84893","2"
"81013","2"
"85398","2"
"83183","1"
"89610","1"
"83320","3"
"86192","1"
"86797","2"
"88385","3"
"84085","3"
"85236","2"
"83567","2"
"88746","1"
"87169","3"
"87328","3"
"83932","1"
"89176","2"
"88990","1"
"80894","2"
"85622","1"
"81998","3"
"86155","1"
"87096","1"
"85451","1"
"80251","4"
"81253","1"
"81077","1"
"88297","1"
"81021","1"
"83018","5"
"84290","3"
"84942","1"
"88868","3"
"88707","1"
"87189","3"
"87242","1"
"87231","1"
"85380","1"
"83298","2"
"82658","4"
"82551","1"
"80602","4"
"84819","1"
"82088","1"
"88281","1"
"80508","1"
"85757","3"
"84806","1"
"81906","1"
"86870","2"
"80942","1"
"83166","1"
"89699","1"
"85654","2"
"86430","2"
"86091","1"
"84674","2"
"88528","2"
"82606","2"
"83028","1"
"86208","3"
"81961","1"
"89295","1"
"81011","1"
"82547","1"
"87851","1"
"82221","3"
"87364","1"
"81462","1"
"84384","1"
"82989","1"
"82087","1"
"89659","1"
"87582","1"
"83697","3"
"84428","1"
"82382","1"
"86619","1"
"81308","2"
"80412","2"
"81523","3"
"85254","1"
"85964","1"
"86282","2"
"87652","3"
"84415","1"
"88706","1"
"86257","1"
"86223","1"
"89181","1"
"87270","2"
"84284","1"
"85486","2"
"80874","2"
"82651","2"
"87556","2"
"82011","1"
"89891","2"
"81321","1"
"85491","2"
"86056","4"
"83734","2"
"84222","1"
"85339","1"
"80619","2"
"88748","1"
"85784","2"
"87744","2"
"88380","3"
"87041","1"
"83666","1"
"83278","2"
"85604","1"
"89866","2"
"83151","1"
"88005","3"
"80133","2"
"86231","1"
"83149","2"
"86992","1"
"81862","3"
"81257","1"
"83925","3"
"81293","2"
"80743","2"
"84082","3"
"84492","4"
"84319","2"
"87774","2"
"82482","1"
"81637","1"
"80322","3"
"85370","1"
"85820","1"
"87804","4"
"84225","3"
"80481","1"
"87547","1"
"81840","2"
"85054","2"
"82104","2"
"81323","2"
"88518","2"
"86228","1"
"87822","1"
"82908","1"
"86690","1"
"88710","1"
"86804","2"
"88356","1"
"83073","1"
"80538","3"
"84588","1"
"85579","3"
"81487","1"
"81210","1"
"82404","1"
"82452","1"
"88595","1"
"86288","1"
"80801","3"
"83523","1"
"87143","1"
"80087","1"
"89059","1"
"83369","5"
"83232","1"
"87738","1"
"82246","1"
"82742","2"
"87754","1"
"88318","1"
"83228","3"
"87880","1"
"81701","2"
"83129","2"
"80805","4"
"82074","3"
"83506","1"
"80062","4"
"80272","1"
"83109","2"
"82644","2"
"89437","1"
"84021","2"
"81570","1"
"80228","1"
"87485","1"
"88397","1"
"89863","2"
"89807","1"
"88054","1"
"84089","2"
"89523","1"
"83284","1"
"83630","2"
"82881","2"
"81150","2"
"86569","3"
"85737","2"
"89756","2"
"84864","2"
"87395","2"
"87451","2"
"88702","1"
"84482","2"
"85867","2"
"83763","3"
"87978","1"
"88116","4"
"81057","1"
"87503","2"
"82141","4"
"81564","3"
"86647","1"
"89725","1"
"80443","3"
"84267","1"
"80728","1"
"88919","2"
"89037","2"
"85343","1"
"83593","3"
"87742","1"
"82150","2"
"81812","2"
"81001","1"
"80955","1"
"83058","2"
"81631","3"
"86220","1"
"83816","1"
"81000","2"
"85427","1"
"89111","1"
"85751","2"
"84265","3"
"85124","1"
"88267","2"
"87934","1"
"87771","1"
"86570","2"
"86597","1"
"89456","1"
"82191","1"
"85531","1"
"83444","1"
"80995","1"
"86591","1"
"81270","1"
"83066","1"
"80829","3"
"81334","3"
"88610","1"
"85877","1"
"80190","1"
"82650","1"
"84598","3"
"84351","1"
"83013","1"
"83044","2"
"81726","3"
"81932","1"
"80068","3"
"84016","4"
"89878","2"
"80211","2"
"81201","1"
"81731","1"
"80109","2"
"85139","1"
"84348","2"
"89533","2"
"84907","2"
"85918","2"
"86423","1"
"81896","3"
"88014","2"
"81226","1"
"87267","1"
"89760","1"
"84957","5"
"83969","2"
"88741","3"
"81732","1"
"86895","2"
"87100","1"
"85300","1"
"84701","1"
"80547","2"
"84073","1"
"80627","2"
"81852","2"
"87860","2"
"85934","3"
"85995","2"
"84967","2"
"81822","2"
"84899","1"
"81689","1"
"86544","1"
"89232","1"
"81476","1"
"82603","2"
"88333","1"
"84232","2"
"81959","1"
"82413","2"
"87887","1"
"83811","1"
"80729","4"
"86103","2"
"81360","2"
"89484","1"
"80553","1"
"85163","3"
"82822","2"
"86246","1"
"80907","4"
"80393","2"
"83521","2"
"80637","2"
"81632","1"
"84531","2"
"81361","3"
"86907","1"
"86041","2"
"83489","2"
"85069","1"
"83761","2"
"81772","2"
"83000","1"
"80208","2"
"83580","2"
"89827","1"
"83890","2"
"89606","1"
"84668","1"
"82992","4"
"80185","2"
"82998","1"
"87890","2"
"85746","1"
"89082","1"
"88465","1"
"88534","1"
"80177","2"
"80649","1"
"86765","2"
"84583","2"
"87348","1"
"82994","2"
"80150","3"
"80097","2"
"83978","1"
"83926","1"
"81181","3"
"84405","2"
"80334","3"
"87593","1"
"82034","2"
"82880","3"
"84703","1"
"84519","3"
"86013","1"
"85286","2"
"80112","1"
"82316","1"
"89284","1"
"89271","1"
"80285","3"
"84915","2"
"80059","2"
"82979","2"
"84723","3"
"89433","1"
"80317","3"
"88487","1"
"88273","1"
"86328","1"
"85253","1"
"80270","1"
"86752","1"
"80308","1"
"86683","1"
"89942","1"
"89685","1"
"86449","1"
"88047","1"
"81120","2"
"88827","2"
"85901","2"
"80636","2"
"89687","3"
"86854","2"
"80266","3"
"84349","2"
"88094","1"
"86299","2"
"89649","1"
"85973","2"
"80601","2"
"86731","2"
"87491","3"
"82951","2"
"84673","2"
"86944","2"
"86146","1"
"82322","1"
"84559","1"
"85695","1"
"87679","3"
"83409","2"
"82750","1"
"86898","2"
"86718","2"
"82451","2"
"81304","3"
"85914","3"
"87946","2"
"80794","2"
"80865","4"
"87743","1"
"88765","2"
"86661","1"
"87393","2"
"82973","2"
"83172","2"
"86519","1"
"89682","1"
"81837","1"
"89547","1"
"86812","1"
"88929","1"
"81266","3"
"87567","2"
"83689","2"
"86022","1"
"89119","1"
"80472","1"
"81101","1"
"86142","1"
"85444","1"
"89903","2"
"86817","1"
"82977","1"
"80414","3"
"86993","2"
"83920","1"
"85781","2"
"80628","4"
"89620","2"
"86023","1"
"86610","2"
"82911","1"
"83241","2"
"87168","2"
"87269","2"
"85297","2"
"86320","2"
"80280","1"
"86867","1"
"87299","1"
"84272","1"
"82703","4"
"87152","1"
"84528","1"
"85211","3"
"84438","2"
"83295","4"
"81545","2"
"88956","1"
"89889","1"
"81989","1"
"86865","1"
"88892","1"
"87940","1"
"80465","1"
"81191","1"
"83665","1"
"86533","3"
"82970","2"
"80332","2"
"85846","1"
"84664","3"
"84205","2"
"87174","1"
"86663","1"
"88405","1"
"85909","2"
"81314","5"
"82095","1"
"83045","1"
"80635","3"
"82723","2"
"81176","2"
"81642","3"
"88619","1"
"88087","1"
"87103","2"
"89696","1"
"87319","1"
"83672","2"
"86161","1"
"85392","2"
"84678","1"
"84042","2"
"81970","3"
"88473","1"
"89450","1"
"85853","1"
"85170","1"
"82120","2"
"86226","2"
"85231","1"
"89421","2"
"83157","1"
"83478","1"
"85577","1"
"81359","2"
"81588","1"
"80613","5"
"83422","1"
"89605","2"
"88287","4"
"87705","1"
"85702","1"
"86159","1"
"89566","3"
"81437","3"
"82176","1"
"84981","1"
"81783","1"
"84692","1"
"89784","2"
"84837","2"
"80868","1"
"82980","1"
"82054","4"
"81186","1"
"86844","3"
"81255","1"
"88551","3"
"81569","1"
"81744","1"
"83927","3"
"80582","3"
"81697","2"
"82725","4"
"85965","2"
"88545","2"
"80013","1"
"82839","1"
"82421","2"
"81574","1"
"87321","2"
"89579","2"
"85538","3"
"85442","2"
"87195","1"
"80446","2"
"80471","1"
"86606","2"
"86827","1"
"87702","2"
"83416","1"
"81553","1"
"86498","1"
"88168","2"
"84771","2"
"83871","1"
"86109","1"
"81646","2"
"83896","1"
"80825","1"
"83529","1"
"86584","1"
"83287","2"
"88824","1"
"84644","2"
"81078","1"
"82905","2"
"84301","2"
"80115","1"
"86012","1"
"82406","1"
"81423","1"
"81952","4"
"89435","2"
"82756","2"
"86259","2"
"85168","2"
"87685","1"
"88814","1"
"82928","2"
"87608","3"
"85600","1"
"85359","1"
"88883","1"
"88301","1"
"88780","2"
"84367","1"
"82799","2"
"84680","1"
"88041","2"
"82997","1"
"89388","1"
"83072","2"
"83354","2"
"89746","1"
"86561","2"
"89721","2"
"80978","2"
"86009","2"
"85330","1"
"85229","1"
"86607","2"
"85404","1"
"80535","5"
"89204","3"
"87402","2"
"85597","1"
"89808","1"
"81116","1"
"85571","2"
"80329","3"
"81931","2"
"89670","1"
"81222","2"
"80274","2"
"89319","1"
"87953","2"
"80095","5"
"80362","2"
"85658","1"
"80591","1"
"81518","1"
"82025","2"
"81040","1"
"82227","1"
"80146","5"
"83946","1"
"87382","2"
"84027","1"
"85540","2"
"88879","2"
"85379","1"
"81164","1"
"80113","4"
"85721","2"
"82944","1"
"80799","3"
"83181","2"
"89673","1"
"81443","2"
"84595","1"
"84179","3"
"84953","4"
"85813","1"
"80144","4"
"87849","1"
"83494","2"
"83005","1"
"84337","1"
"80798","1"
"86952","2"
"84309","2"
"80126","1"
"85199","2"
"89112","2"
"86252","2"
"83623","3"
"87938","1"
"80341","1"
"85261","1"
"88835","1"
"86788","2"
"83467","1"
"84928","1"
"83259","3"
"82929","1"
"89576","1"
"89830","1"
"84950","1"
"88129","1"
"88999","1"
"84643","1"
"82346","2"
"81069","1"
"82224","4"
"88230","2"
"83809","2"
"86741","1"
"82458","1"
"87636","2"
"80082","3"
"83615","3"
"84901","3"
"82029","3"
"85805","2"
"83605","3"
"84150","2"
"81113","1"
"81537","1"
"85207","1"
"82692","1"
"84187","1"
"84570","1"
"85027","2"
"82864","1"
"80754","3"
"89626","1"
"81977","4"
"89133","4"
"88777","1"
"85582","1"
"85125","1"
"80617","2"
"83597","2"
"80833","1"
"80643","1"
"83616","1"
"82702","1"
"88578","2"
"87390","2"
"85838","1"
"86466","1"
"84188","1"
"88873","2"
"88370","1"
"85245","1"
"86823","1"
"85573","1"
"81528","3"
"86753","1"
"85338","1"
"82226","3"
"89001","1"
"80107","2"
"89885","1"
"87889","3"
"89462","1"
"80036","3"
"80755","1"
"84772","2"
"89362","1"
"89121","1"
"83418","1"
"83008","2"
"89832","3"
"84831","1"
"89419","3"
"80808","3"
"88600","1"
"83679","2"
"84722","5"
"83714","2"
"84369","1"
"82137","2"
"80016","3"
"88712","1"
"84620","1"
"87177","1"
"89769","3"
"86963","3"
"88985","1"
"89468","2"
"88022","1"
"88587","3"
"85526","1"
"87309","3"
"83694","1"
"84769","1"
"86268","1"
"82177","2"
"87268","1"
"82407","1"
"81501","2"
"80275","1"
"82500","4"
"85158","1"
"84283","2"
"81229","1"
"88355","1"
"82583","4"
"81159","2"
"82513","3"
"82432","1"
"87284","1"
"88762","1"
"86219","1"
"86541","5"
"85333","1"
"81063","5"
"85522","3"
"85674","1"
"86199","1"
"81679","1"
"80682","2"
"80418","4"
"80455","2"
"80837","2"
"86148","1"
"85295","2"
"89049","1"
"82884","1"
"86412","1"
"83222","1"
"84221","2"
"83428","1"
"81177","2"
"81509","2"
"81804","2"
"84708","1"
"84813","2"
"82060","3"
"83469","3"
"87234","1"
"89700","1"
"81693","3"
"80737","3"
"80944","5"
"82534","2"
"80524","2"
"84566","4"
"80533","1"
"82438","2"
"86030","1"
"81634","1"
"89542","3"
"80180","2"
"85693","1"
"88492","2"
"86138","2"
"89457","1"
"87868","1"
"89040","3"
"81427","2"
"84978","3"
"82426","1"
"80534","1"
"80975","1"
"82201","1"
"84208","1"
"83168","2"
"85342","2"
"84601","1"
"87545","2"
"88589","1"
"83057","2"
"82476","1"
"88066","1"
"89347","1"
"80265","1"
"85138","1"
"83390","2"
"81436","1"
"89294","2"
"86229","1"
"89486","1"
"85576","2"
"88749","1"
"84734","2"
"83572","2"
"81281","3"
"80686","1"
"83617","1"
"86358","3"
"80425","3"
"85790","2"
"84597","2"
"83716","2"
"80516","1"
"89395","1"
"84461","1"
"83111","2"
"80451","1"
"82965","2"
"83036","1"
"81151","1"
"88596","2"
"80605","2"
"81337","2"
"89406","3"
"81140","1"
"87036","1"
"89609","2"
"84840","1"
"85607","3"
"83315","3"
"84762","2"
"86492","1"
"88144","2"
"86863","1"
"84117","3"
"86975","1"
"87172","1"
"85855","2"
"81550","1"
"82734","1"
"83750","3"
"88181","1"
"84508","1"
"88844","1"
"81880","2"
"83741","1"
"89898","1"
"88368","1"
"84086","1"
"81596","1"
"82535","1"
"82572","1"
"80510","4"
"85349","1"
"82807","1"
"87699","1"
"87282","1"
"85480","1"
"84604","1"
"82569","2"
"84443","1"
"87007","2"
"81993","1"
"87638","2"
"85031","1"
"81088","3"
"84946","2"
"85808","1"
"89767","1"
"83033","2"
"88012","1"
"84848","4"
"84584","3"
"86305","1"
"86343","2"
"80406","3"
"86236","1"
"88796","1"
"87972","4"
"88947","2"
"86679","1"
"80867","1"
"83649","4"
"80049","1"
"84495","1"
"80772","2"
"84274","1"
"85108","1"
"86664","2"
"83769","3"
"87806","1"
"81128","1"
"82514","1"
"86846","2"
"88246","2"
"89061","1"
"84098","2"
"83254","1"
"88375","2"
"88575","2"
"89197","2"
"84575","1"
"87107","1"
"81844","4"
"83308","4"
"82770","1"
"86376","1"
"85902","2"
"84573","1"
"82934","2"
"84731","3"
"88662","1"
"81068","1"
"87602","1"
"88808","3"
"82361","2"
"86605","2"
"86168","2"
"83163","2"
"89754","1"
"85418","1"
"82834","1"
"81472","3"
"81070","3"
"88024","1"
"81418","2"
"86571","1"
"80436","3"
"86221","2"
"86264","3"
"84804","1"
"83251","2"
"80891","3"
"84329","2"
"84158","1"
"82357","2"
"88137","2"
"89872","1"
"89514","1"
"88806","1"
"84302","2"
"85555","2"
"87590","2"
"81525","2"
"85177","1"
"83079","3"
"81816","4"
"81665","1"
"86481","1"
"84866","1"
"82531","2"
"84990","2"
"83334","3"
"83736","1"
"87391","4"
"84180","2"
"85159","1"
"80125","2"
"80368","2"
"86306","3"
"89753","1"
"80430","1"
"80606","3"
"85956","2"
"88524","1"
"81446","2"
"82330","2"
"83095","1"
"80906","2"
"88861","1"
"89993","1"
"81163","3"
"83161","1"
"83041","3"
"87473","1"
"88331","1"
"89228","1"
"82419","1"
"80374","1"
"81901","1"
"88655","2"
"85496","1"
"80276","1"
"81242","4"
"84457","1"
"87339","1"
"81464","1"
"85115","1"
"80252","1"
"85446","1"
"84514","1"
"87241","1"
"85761","1"
"88757","1"
"84398","2"
"80379","2"
"86361","1"
"87697","1"
"83256","2"
"84725","2"
"84255","1"
"84258","1"
"80191","2"
"81793","3"
"82582","3"
"88184","1"
"80431","2"
"80733","1"
"87760","2"
"81951","1"
"84245","2"
"85114","1"
"82526","1"
"84634","3"
"82043","1"
"85432","1"
"88603","2"
"86157","1"
"83473","1"
"80169","2"
"83017","1"
"89516","1"
"83625","2"
"82872","3"
"80073","3"
"80522","2"
"88379","1"
"81996","3"
"85646","4"
"89932","1"
"87427","1"
"87624","1"
"83124","1"
"84011","1"
"88708","1"
"80688","2"
"84820","3"
"80909","3"
"84410","2"
"82484","2"
"81730","1"
"85183","2"
"83204","2"
"84442","1"
"85669","2"
"88059","1"
"87343","3"
"80576","2"
"80787","1"
"81012","1"
"85189","2"
"87400","3"
"84885","3"
"84472","2"
"89617","1"
"82536","5"
"88133","1"
"81571","1"
"86047","2"
"82707","5"
"86896","2"
"84060","1"
"88964","1"
"89141","1"
"83723","1"
"85992","1"
"80651","3"
"83907","1"
"82078","2"
"81710","2"
"88550","2"
"85682","3"
"85044","1"
"86364","1"
"88675","2"
"88282","1"
"80469","3"
"80596","1"
"81020","2"
"87599","1"
"86172","2"
"80075","3"
"85311","3"
"87959","1"
"88556","1"
"88681","1"
"81463","2"
"89819","1"
"83014","2"
"87980","2"
"80273","2"
"88480","1"
"87026","1"
"89844","1"
"80091","5"
"82285","2"
"89374","1"
"87993","3"
"80186","3"
"85811","1"
"84057","1"
"83162","1"
"81589","2"
"85961","1"
"82358","2"
"80378","2"
"87828","1"
"81145","1"
"84019","1"
"89519","2"
"83363","1"
"80639","3"
"81875","1"
"87345","2"
"86371","2"
"87715","1"
"82812","1"
"88508","1"
"87083","1"
"84988","1"
"84842","2"
"84606","2"
"83225","2"
"81754","1"
"82784","1"
"85425","1"
"85609","3"
"82242","3"
"82556","1"
"80708","2"
"88636","1"
"80486","1"
"83383","1"
"87644","2"
"84747","1"
"86349","2"
"86509","2"
"88302","1"
"81999","1"
"80564","5"
"82749","2"
"84039","4"
"81600","2"
"88142","2"
"83749","1"
"81207","1"
"80947","1"
"85698","2"
"83465","1"
"83653","1"
"81457","1"
"80583","3"
"88020","1"
"88833","1"
"83875","4"
"88431","2"
"80167","1"
"85606","2"
"80134","2"
"82010","3"
"87542","1"
"85180","1"
"88831","1"
"85940","1"
"82381","1"
"84632","1"
"84576","1"
"80458","5"
"83838","2"
"80784","1"
"82105","1"
"88899","2"
"85174","4"
"82208","1"
"89826","1"
"85922","1"
"83850","1"
"84145","1"
"85501","1"
"81170","4"
"83651","2"
"87882","3"
"80159","1"
"83431","2"
"83276","1"
"81235","2"
"89163","1"
"81781","1"
"83640","1"
"82449","1"
"84696","1"
"82323","2"
"84752","1"
"85417","1"
"83519","1"
"81496","2"
"81118","1"
"82599","2"
"82445","1"
"88692","1"
"82202","2"
"85102","1"
"86049","2"
"89262","3"
"84404","1"
"85284","1"
"82876","3"
"83834","3"
"83116","1"
"81714","3"
"81494","3"
"86962","1"
"81629","5"
"83998","2"
"81592","3"
"81638","2"
"88315","1"
"88221","1"
"86398","1"
"84067","2"
"85943","2"
"83322","3"
"84040","1"
"88724","1"
"86624","1"
"80886","1"
"85661","1"
"86714","1"
"85147","2"
"80667","1"
"89921","1"
"82372","2"
"80884","1"
"86665","2"
"84342","1"
"82754","1"
"81832","2"
"83026","2"
"82852","1"
"82542","2"
"85629","1"
"86559","1"
"80506","7"
"80575","1"
"83915","1"
"82665","2"
"84391","4"
"85024","1"
"87540","1"
"86521","2"
"89967","1"
"81886","1"
"86547","2"
"80960","1"
"80652","1"
"82830","1"
"81969","1"
"87534","1"
"88609","2"
"82840","1"
"83996","1"
"86543","1"
"87360","2"
"87956","1"
"85013","1"
"88317","2"
"82344","2"
"80843","1"
"87998","1"
"81755","1"
"80980","4"
"83727","3"
"80958","2"
"87377","1"
"84241","2"
"88697","1"
"80990","3"
"88980","2"
"84109","1"
"84775","2"
"87093","2"
"83046","1"
"88278","1"
"87962","1"
"80434","1"
"83023","1"
"86369","1"
"88481","1"
"84445","1"
"82787","1"
"82356","2"
"88109","1"
"85460","1"
"83847","2"
"82474","1"
"88732","1"
"84587","2"
"86496","1"
"89795","1"
"84000","1"
"80851","1"
"84214","1"
"86076","1"
"84994","3"
"82410","1"
"86491","3"
"83069","2"
"85672","4"
"84995","3"
"84816","1"
"87085","1"
"85728","2"
"87273","2"
"85498","1"
"81410","1"
"88726","1"
"84524","4"
"81285","1"
"87048","1"
"85983","2"
"85881","3"
"80644","1"
"89321","1"
"89278","1"
"88352","1"
"81770","4"
"82326","2"
"86304","1"
"82716","2"
"84533","1"
"81530","2"
"88455","3"
"80536","1"
"86905","4"
"80053","1"
"80142","2"
"87516","1"
"83059","2"
"80179","1"
"87374","1"
"83718","2"
"84483","1"
"81916","5"
"82355","2"
"82552","1"
"85851","4"
"80685","1"
"89615","1"
"84880","3"
"81154","1"
"86743","2"
"82544","1"
"80101","2"
"85752","1"
"89812","1"
"82938","1"
"89464","2"
"88153","1"
"86643","1"
"82131","1"
"89545","2"
"84474","2"
"86150","3"
"84308","2"
"82462","3"
"81957","2"
"83546","4"
"84231","2"
"85895","1"
"81408","1"
"82833","2"
"80051","1"
"84275","2"
"81339","1"
"88039","1"
"85149","2"
"86564","1"
"88468","2"
"86831","1"
"84596","4"
"89683","2"
"83647","1"
"86079","2"
"86160","1"
"86914","2"
"83099","2"
"80750","2"
"83691","3"
"80742","1"
"88608","2"
"87906","1"
"84175","4"
"89747","1"
"89032","2"
"88799","1"
"87981","1"
"86530","1"
"85416","2"
"86233","1"
"80183","4"
"88294","2"
"83840","2"
"81855","2"
"87709","1"
"81687","1"
"83780","1"
"87784","2"
"80520","1"
"81313","4"
"84420","2"
"83253","1"
"80439","4"
"82133","1"
"83200","1"
"87897","2"
"81933","1"
"82589","1"
"81902","1"
"85470","2"
"89460","1"
"87925","2"
"86206","1"
"89007","1"
"83449","1"
"89137","1"
"87817","3"
"82766","2"
"83419","2"
"80069","1"
"80904","3"
"81482","2"
"82480","1"
"85481","3"
"82320","2"
"85536","2"
"85473","1"
"81991","2"
"84552","2"
"88928","2"
"88725","1"
"80262","1"
"84371","3"
"85818","2"
"88029","1"
"85130","1"
"82433","5"
"85726","1"
"87558","1"
"89803","4"
"81520","1"
"83121","1"
"84732","1"
"83637","1"
"81521","1"
"81655","1"
"83536","3"
"86255","1"
"82103","1"
"87376","2"
"82540","4"
"85581","1"
"81894","1"
"85812","1"
"84157","1"
"89152","1"
"88224","4"
"88886","1"
"84735","2"
"84682","1"
"86339","1"
"88479","1"
"82364","2"
"86824","1"
"81182","1"
"80817","2"
"82396","4"
"89115","3"
"88373","1"
"82797","2"
"89572","1"
"85375","1"
"86005","1"
"88179","3"
"86134","1"
"85720","1"
"83598","1"
"87414","2"
"83074","1"
"82437","1"
"83034","1"
"84048","1"
"87663","2"
"87475","2"
"88607","1"
"84440","4"
"85423","2"
"81978","1"
"85675","1"
"86740","1"
"88155","1"
"89813","3"
"89733","1"
"83100","1"
"86805","1"
"80499","5"
"88291","1"
"85077","2"
"88993","2"
"89304","2"
"85514","3"
"88585","1"
"80824","2"
"82107","1"
"82999","2"
"82280","3"
"80781","2"
"81833","2"
"88038","1"
"83787","1"
"83068","2"
"81115","1"
"85587","1"
"83263","1"
"84884","2"
"81800","1"
"80261","4"
"88740","1"
"86065","2"
"84629","1"
"87606","1"
"83114","1"
"82808","1"
"83684","3"
"83508","1"
"80859","4"
"85492","2"
"81475","3"
"82405","1"
"82378","1"
"82290","1"
"85919","2"
"86773","3"
"83618","1"
"89096","1"
"89326","1"
"84396","1"
"80957","2"
"82362","1"
"85111","2"
"81157","1"
"81648","3"
"83929","2"
"81759","1"
"82239","1"
"84289","2"
"87688","1"
"89960","1"
"80155","3"
"84507","3"
"82420","2"
"80766","3"
"83936","1"
"85185","1"
"84964","1"
"86942","2"
"88266","2"
"85727","2"
"84667","1"
"83502","1"
"85394","1"
"85273","2"
"88558","2"
"84730","2"
"82485","2"
"82298","1"
"80023","4"
"81645","3"
"81582","1"
"85405","1"
"82329","1"
"87206","1"
"86921","1"
"85028","2"
"87341","1"
"82086","2"
"87028","2"
"86688","1"
"86890","2"
"84468","2"
"80561","2"
"82731","2"
"81236","1"
"85008","1"
"87769","2"
"89625","1"
"80546","2"
"81004","1"
"89424","1"
"88916","1"
"81413","1"
"80567","1"
"81473","3"
"87693","1"
"85651","1"
"89440","1"
"80849","6"
"89548","1"
"84032","2"
"80498","2"
"80234","1"
"80241","1"
"83138","2"
"86285","2"
"85002","1"
"84544","3"
"80551","3"
"88028","1"
"83986","2"
"86016","1"
"88983","1"
"85178","2"
"85453","1"
"84808","2"
"84095","2"
"82503","1"
"88048","3"
"84325","2"
"86261","2"
"83016","1"
"86531","2"
"83747","2"
"84444","2"
"84518","1"
"83527","1"
"87592","1"
"83372","1"
"87030","2"
"81396","2"
"81927","2"
"80373","1"
"88580","1"
"89862","1"
"84228","2"
"83375","1"
"89289","2"
"80103","1"
"83125","1"
"87110","1"
"85593","3"
"81502","2"
"81734","3"
"81706","3"
"86043","1"
"86426","1"
"87483","4"
"80292","1"
"87060","3"
"89495","1"
"88987","1"
"80077","1"
"88541","2"
"89463","1"
"89750","1"
"82332","1"
"85303","2"
"81583","1"
"85198","1"
"89219","2"
"82937","2"
"80356","2"
"80209","2"
"81324","1"
"86380","2"
"80517","2"
"85981","3"
"80152","3"
"81940","1"
"88339","4"
"87371","1"
"88954","1"
"81211","1"
"85049","1"
"81200","2"
"87683","1"
"85500","2"
"83577","2"
"81850","1"
"80788","1"
"81622","2"
"81794","3"
"86791","2"
"82875","3"
"89065","2"
"86899","2"
"86958","2"
"86068","2"
"86825","1"
"80846","1"
"82192","1"
"83765","3"
"86882","2"
"86438","2"
"86947","1"
"84006","1"
"83333","2"
"88088","1"
"89210","1"
"80953","2"
"89348","3"
"87125","5"
"81910","1"
"85794","2"
"88076","1"
"82779","5"
"85864","1"
"86874","1"
"82739","2"
"80807","2"
"82269","3"
"81017","4"
"84875","1"
"83303","1"
"85749","1"
"82674","1"
"85410","1"
"83020","1"
"86659","1"
"89105","1"
"81633","2"
"84891","2"
"82771","2"
"82527","1"
"89201","1"
"86782","3"
"80586","1"
"85059","1"
"83300","3"
"84758","1"
"84716","1"
"87397","1"
"85208","2"
"85146","1"
"89041","1"
"87139","1"
"86312","2"
"84065","2"
"82796","2"
"85834","1"
"84562","1"
"85519","2"
"82629","1"
"85267","1"
"83539","1"
"89833","1"
"80680","3"
"80963","1"
"82265","2"
"86641","1"
"88766","1"
"83560","1"
"89156","1"
"85071","2"
"84077","2"
"84333","1"
"84159","1"
"86122","2"
"80140","1"
"85458","3"
"87388","1"
"85479","2"
"85767","2"
"84430","1"
"84541","1"
"89789","2"
"84876","3"
"86734","1"
"84304","1"
"87935","1"
"84116","2"
"83868","2"
"85179","2"
"86368","2"
"89956","1"
"86373","2"
"84227","1"
"80693","4"
"85844","3"
"87502","1"
"83148","2"
"83219","3"
"83498","1"
"81254","1"
"82635","2"
"82733","1"
"84650","2"
"89323","1"
"85935","2"
"80001","4"
"82626","5"
"81561","2"
"86762","1"
"89518","2"
"83250","4"
"82984","2"
"88244","2"
"85507","3"
"81232","3"
"82041","2"
"89249","1"
"82184","2"
"88669","2"
"83942","2"
"81958","5"
"82712","1"
"82619","2"
"87115","2"
"83215","1"
"82735","2"
"85082","4"
"85097","1"
"83115","3"
"82688","2"
"85747","1"
"89445","1"
"80122","2"
"88180","1"
"83446","1"
"86269","1"
"83937","1"
"83974","4"
"81994","5"
"84944","2"
"85220","2"
"85779","2"
"84418","3"
"84879","1"
"82909","2"
"84278","1"
"88756","1"
"83199","2"
"84911","2"
"83177","1"
"86795","2"
"84408","1"
"88008","1"
"80321","3"
"81733","2"
"86130","2"
"82409","2"
"80581","3"
"80702","2"
"80269","2"
"87212","1"
"82222","3"
"83240","1"
"88523","2"
"83610","2"
"85738","1"
"82862","2"
"87101","1"
"84143","2"
"81305","2"
"88265","4"
"80925","1"
"85005","2"
"81891","1"
"82968","1"
"84938","1"
"82584","2"
"84122","1"
"80616","2"
"86067","1"
"89509","1"
"88125","1"
"87073","2"
"81688","3"
"87971","1"
"82792","2"
"86599","4"
"84537","3"
"82730","3"
"80915","2"
"84454","1"
"83488","2"
"84092","1"
"85772","2"
"82610","1"
"82617","1"
"88240","2"
"89735","1"
"86950","1"
"86021","1"
"80344","3"
"87444","1"
"86132","2"
"82111","2"
"82657","1"
"84896","1"
"89654","2"
"83943","3"
"82948","3"
"89567","1"
"80454","2"
"80015","1"
"85865","1"
"87497","1"
"86821","1"
"89165","2"
"83366","5"
"88948","2"
"87178","3"
"80519","1"
"86201","2"
"83353","2"
"86102","1"
"88836","1"
"80922","2"
"82924","2"
"84796","1"
"86452","3"
"86292","1"
"87472","2"
"81888","2"
"89818","2"
"87854","3"
"80028","4"
"81856","1"
"85051","3"
"85327","1"
"89633","3"
"82008","2"
"87490","1"
"81377","2"
"82710","3"
"81821","3"
"84248","2"
"85509","2"
"84888","2"
"86716","2"
"89164","4"
"85449","2"
"84738","1"
"83243","1"
"80572","1"
"88112","2"
"82788","2"
"89341","2"
"87392","1"
"89499","2"
"89475","1"
"89944","2"
"83077","3"
"88389","1"
"82844","2"
"80324","3"
"87793","1"
"87277","2"
"81604","3"
"84479","1"
"86634","1"
"82235","1"
"88182","1"
"82927","2"
"87193","2"
"84721","1"
"88573","1"
"80875","1"
"82560","2"
"80162","1"
"80565","1"
"83482","3"
"88079","3"
"88517","2"
"82935","5"
"89283","1"
"81511","3"
"89473","2"
"80961","3"
"88141","1"
"85710","1"
"87963","1"
"80631","4"
"80369","1"
"86840","1"
"83656","3"
"80100","3"
"89587","2"
"86401","1"
"82828","2"
"83304","1"
"86378","2"
"89300","1"
"81647","1"
"80562","2"
"85650","1"
"80387","3"
"81384","2"
"88326","1"
"83638","4"
"87914","2"
"81327","1"
"89242","1"
"88643","1"
"86336","2"
"83643","4"
"80850","4"
"88348","2"
"86183","1"
"82914","2"
"81019","1"
"81326","1"
"87111","3"
"83970","1"
"80903","3"
"86964","1"
"80298","1"
"84640","1"
"86045","2"
"84669","3"
"82310","2"
"85278","1"
"84498","1"
"83075","1"
"82713","4"
"87229","1"
"82315","2"
"81318","2"
"84257","1"
"83448","1"
"84056","2"
"81092","1"
"82225","2"
"85050","4"
"87810","1"
"86819","3"
"85400","1"
"87252","3"
"82907","2"
"83782","1"
"85216","1"
"89008","1"
"87563","2"
"81980","2"
"89310","1"
"82297","1"
"80945","2"
"89597","1"
"82487","1"
"89584","1"
"89933","2"
"83992","2"
"83682","1"
"87043","1"
"84631","1"
"80293","2"
"87198","1"
"88395","1"
"80365","1"
"83424","1"
"87146","1"
"88843","2"
"80030","1"
"82762","3"
"83457","3"
"85377","3"
"81060","3"
"87404","1"
"82954","2"
"89720","2"
"86333","1"
"83664","1"
"85502","1"
"83198","1"
"81099","3"
"87071","1"
"88131","1"
"85518","1"
"81818","1"
"85334","3"
"80279","2"
"88136","2"
"82559","2"
"84076","2"
"83551","1"
"82489","1"
"87450","1"
"88590","1"
"83857","2"
"81402","1"
"81806","4"
"89920","2"
"81923","1"
"80530","4"
"84331","1"
"82354","2"
"86273","2"
"81581","4"
"84782","2"
"81241","1"
"80972","3"
"87413","2"
"86270","1"
"82180","1"
"83365","1"
"84402","3"
"83726","2"
"80003","5"
"81416","1"
"81767","2"
"84196","1"
"88149","3"
"89222","1"
"83728","1"
"82858","1"
"82753","1"
"86284","2"
"85923","1"
"86215","1"
"82440","1"
"86354","1"
"87265","2"
"87846","1"
"81811","1"
"87201","1"
"83187","2"
"84481","4"
"86394","2"
"81549","1"
"88106","1"
"85649","2"
"86379","3"
"80609","1"
"82305","2"
"88018","1"
"87564","1"
"89953","2"
"84453","1"
"88552","2"
"86477","2"
"80040","3"
"88679","1"
"81251","3"
"89555","2"
"89926","3"
"80349","1"
"82109","4"
"88778","1"
"81037","7"
"84802","3"
"85977","1"
"86493","2"
"80964","1"
"83455","1"
"88185","1"
"87877","2"
"86728","1"
"81142","1"
"85386","1"
"80541","3"
"88377","2"
"85099","1"
"84154","3"
"83451","2"
"86411","1"
"88383","1"
"83837","1"
"80353","2"
"81485","3"
"84018","1"
"82689","1"
"86318","1"
"89337","1"
"88176","2"
"86861","1"
"87288","2"
"86974","2"
"87820","4"
"86337","2"
"80335","1"
"80858","3"
"82155","3"
"80632","1"
"89992","3"
"87834","1"
"89494","1"
"88506","2"
"82156","3"
"81272","1"
"80026","2"
"88437","1"
"85553","1"
"86052","1"
"84648","3"
"87210","3"
"84127","1"
"86849","1"
"86139","3"
"80692","1"
"86655","3"
"87145","2"
"88025","1"
"81757","1"
"85034","2"
"87262","1"
"88628","2"
"80505","1"
"86217","1"
"82457","2"
"86195","3"
"81556","3"
"80300","1"
"83505","2"
"82594","2"
"88219","1"
"89883","1"
"82631","1"
"87531","1"
"85699","3"
"85717","1"
"82882","1"
"89198","1"
"87553","1"
"83182","2"
"84075","2"
"84146","1"
"89816","1"
"86601","3"
"82341","1"
"80932","1"
"85809","2"
"88183","1"
"86798","2"
"87386","2"
"81658","3"
"88680","2"
"83360","2"
"88386","1"
"84353","2"
"83954","2"
"86585","2"
"86274","1"
"84207","1"
"81440","3"
"81819","1"
"86936","4"
"87191","1"
"86537","1"
"89172","1"
"84786","2"
"88423","1"
"84890","4"
"87263","1"
"83683","1"
"81173","3"
"86211","1"
"82678","1"
"83673","2"
"89968","1"
"88490","3"
"85040","1"
"88791","1"
"80642","2"
"83981","4"
"83530","1"
"80706","2"
"80543","5"
"89762","2"
"89399","1"
"89035","1"
"88787","1"
"81090","2"
"83262","1"
"81810","3"
"87548","4"
"82064","1"
"88178","1"
"88906","3"
"84210","1"
"82520","2"
"86621","2"
"89644","1"
"84218","5"
"85546","3"
"81300","1"
"81676","3"
"86779","1"
"84124","1"
"84847","1"
"82757","2"
"81695","2"
"89100","1"
"80305","2"
"84316","3"
"84551","3"
"82769","2"
"87088","1"
"85106","1"
"81702","4"
"83912","1"
"82112","3"
"80797","3"
"81468","5"
"86029","1"
"83955","1"
"81278","4"
"81367","1"
"84554","1"
"82068","2"
"80723","2"
"82009","1"
"82910","1"
"80757","1"
"85107","2"
"84748","1"
"83827","1"
"83011","2"
"81761","4"
"85875","2"
"82946","3"
"82853","2"
"85336","3"
"82172","3"
"87785","2"
"81869","3"
"80823","1"
"83071","4"
"89317","1"
"83133","1"
"86879","1"
"82140","3"
"81750","2"
"85713","1"
"82943","2"
"86230","2"
"84433","2"
"80935","3"
"80345","2"
"82270","2"
"85213","1"
"83126","4"
"84336","1"
"84937","3"
"85755","1"
"81081","1"
"86075","2"
"88053","2"
"83861","1"
"82806","1"
"85105","2"
"85144","3"
"85057","2"
"83864","3"
"84251","2"
"83545","1"
"86135","1"
"87641","1"
"85067","1"
"80507","2"
"80501","2"
"81777","2"
"81376","1"
"88439","1"
"85722","1"
"81778","1"
"88714","1"
"84328","1"
"81667","3"
"82080","1"
"81677","3"
"84542","1"
"81892","1"
"85322","3"
"85611","3"
"81478","1"
"81723","2"
"80475","3"
"83282","3"
"80982","3"
"81178","4"
"85290","3"
"81905","2"
"82686","1"
"81351","3"
"87798","1"
"81741","2"
"82116","2"
"80483","2"
"82636","1"
"84520","3"
"82836","3"
"85979","1"
"89684","2"
"81609","3"
"85424","1"
"85252","1"
"81425","1"
"81203","2"
"82778","3"
"82708","1"
"84612","1"
"84276","1"
"82367","4"
"89969","3"
"86476","3"
"81587","2"
"81432","3"
"85598","1"
"89698","1"
"88077","1"
"83117","1"
"83677","2"
"87211","2"
"80521","1"
"81106","1"
"87205","3"
"83983","2"
"88554","1"
"80247","2"
"85391","5"
"83817","1"
"80668","1"
"80640","3"
"88923","1"
"81061","4"
"85852","1"
"80470","4"
"84898","1"
"84036","3"
"87216","1"
"80359","1"
"85800","2"
"82952","1"
"87350","2"
"84746","1"
"87905","1"
"81997","2"
"85691","1"
"82281","1"
"88510","1"
"80809","2"
"83967","1"
"86877","1"
"87500","2"
"80492","1"
"85704","2"
"86059","1"
"89384","2"
"84031","5"
"85796","1"
"82724","3"
"82035","2"
"87363","1"
"81711","2"
"83866","2"
"81405","1"
"84216","2"
"83349","1"
"88901","1"
"86639","1"
"84561","1"
"89474","1"
"80813","4"
"81912","1"
"85854","2"
"80189","2"
"86989","1"
"83113","1"
"81111","1"
"81567","4"
"81137","3"
"89442","1"
"84458","3"
"82780","1"
"88582","2"
"82681","4"
"88719","1"
"81023","2"
"84985","2"
"88650","1"
"81228","2"
"84083","2"
"83248","3"
"85876","1"
"85985","1"
"87486","1"
"82247","2"
"88354","2"
"86631","1"
"89630","3"
"80099","2"
"84982","2"
"83499","2"
"87601","1"
"88546","1"
"81362","1"
"80928","2"
"80090","1"
"85950","1"
"83570","1"
"83029","3"
"88091","1"
"86884","1"
"86858","3"
"86638","3"
"80459","2"
"87586","2"
"87767","1"
"84230","1"
"83475","1"
"82553","2"
"83051","2"
"81531","3"
"84366","1"
"80753","3"
"80974","1"
"89005","1"
"87541","1"
"80862","1"
"84059","3"
"85525","1"
"89113","1"
"83841","1"
"87594","2"
"87729","3"
"80343","3"
"81407","4"
"86911","1"
"81630","2"
"87992","1"
"88124","2"
"81752","3"
"80767","1"
"80790","3"
"89931","2"
"83501","1"
"80056","1"
"82706","2"
"82683","1"
"80204","2"
"87121","2"
"88365","3"
"82593","1"
"89150","1"
"83669","3"
"87042","2"
"81380","4"
"85233","1"
"83789","5"
"83458","2"
"88775","1"
"80316","1"
"81907","1"
"88840","3"
"84827","1"
"80354","1"
"81434","2"
"89367","1"
"80242","1"
"89383","1"
"85630","3"
"82294","1"
"80785","2"
"80803","2"
"80923","1"
"83174","2"
"82165","1"
"80566","2"
"89873","1"
"89611","1"
"84147","1"
"81552","1"
"83724","1"
"85719","2"
"86730","1"
"83876","2"
"81497","1"
"80149","4"
"87250","1"
"81946","2"
"86118","2"
"83238","1"
"84105","1"
"84496","1"
"82441","1"
"84577","2"
"84513","1"
"85883","3"
"84490","3"
"83670","2"
"84934","1"
"89074","1"
"87597","1"
"88769","6"
"81129","6"
"89556","4"
"84798","2"
"88682","2"
"82481","1"
"88194","2"
"87440","1"
"87787","3"
"81601","1"
"84193","1"
"81197","1"
"81985","1"
"86579","2"
"81841","7"
"83717","2"
"80078","3"
"81152","2"
"80687","2"
"82913","1"
"84007","3"
"89661","3"
"89292","2"
"85309","5"
"85234","3"
"85210","1"
"86687","2"
"82640","4"
"87668","2"
"88256","1"
"88834","1"
"87464","2"
"83425","1"
"86611","1"
"86357","1"
"89647","1"
"85591","1"
"81291","1"
"89019","1"
"87008","2"
"85270","1"
"83795","1"
"83701","4"
"86375","1"
"84121","1"
"86260","1"
"89369","1"
"88338","1"
"84130","1"
"81578","2"
"82102","3"
"81644","1"
"84347","1"
"86981","1"
"88409","2"
"83127","1"
"85411","1"
"81935","1"
"87384","1"
"89412","1"
"86892","1"
"80235","1"
"80351","3"
"87462","2"
"80759","3"
"86355","1"
"81500","8"
"86935","1"
"86888","1"
"84250","3"
"80346","2"
"88205","1"
"84843","1"
"85337","3"
"89132","1"
"88084","1"
"88061","1"
"89193","3"
"89135","3"
"84339","2"
"85774","1"
"81214","2"
"80024","2"
"83039","1"
"80783","2"
"82044","4"
"85007","1"
"88036","1"
"82163","3"
"80542","3"
"85354","1"
"80579","1"
"89405","1"
"89226","1"
"85019","2"
"88447","1"
"80622","2"
"82823","2"
"85988","2"
"84712","1"
"82321","2"
"82612","1"
"84135","1"
"86352","1"
"81227","1"
"84078","3"
"87465","1"
"80625","2"
"86085","1"
"84177","1"
"89214","2"
"88295","1"
"83231","2"
"82160","2"
"81968","4"
"80937","1"
"83590","2"
"85544","1"
"83824","2"
"80338","3"
"83179","1"
"80311","2"
"81148","2"
"82497","3"
"81002","1"
"86642","2"
"89274","1"
"81369","1"
"84832","2"
"86859","1"
"86086","1"
"85131","2"
"80716","5"
"81122","1"
"85389","2"
"84718","1"
"83524","1"
"83402","1"
"84313","2"
"84037","1"
"88242","1"
"84624","3"
"81054","2"
"82252","2"
"82696","2"
"80391","3"
"82842","1"
"82495","3"
"86615","1"
"85610","1"
"82890","2"
"82919","1"
"80665","1"
"86096","2"
"88269","1"
"82465","2"
"83235","1"
"88108","3"
"84178","1"
"81864","2"
"83391","2"
"88539","1"
"85275","2"
"80765","2"
"88342","1"
"87446","1"
"80698","5"
"84237","1"
"83189","2"
"80744","2"
"81944","1"
"87046","1"
"85474","1"
"81858","1"
"86104","1"
"86917","1"
"87135","2"
"84363","1"
"88841","2"
"89925","1"
"83197","1"
"83596","2"
"89768","1"
"87279","3"
"87434","2"
"80709","3"
"82653","3"
"89443","2"
"89258","1"
"80901","2"
"81599","1"
"82472","1"
"84320","2"
"82219","3"
"82995","1"
"85829","1"
"88286","1"
"86250","1"
"89354","1"
"85401","1"
"83436","2"
"81618","3"
"89438","1"
"84360","2"
"89843","2"
"85879","1"
"82972","2"
"81075","1"
"86853","2"
"81022","3"
"85731","1"
"81378","2"
"80437","2"
"85390","1"
"86415","2"
"86680","2"
"86623","1"
"81265","1"
"82596","2"
"86614","1"
"82337","2"
"88065","1"
"81651","2"
"84244","2"
"88119","3"
"82508","2"
"80157","2"
"81597","3"
"87276","2"
"88704","2"
"81153","3"
"80638","2"
"83739","1"
"85129","2"
"85080","1"
"85314","2"
"83636","2"
"80621","4"
"80558","1"
"89110","1"
"81669","5"
"82076","1"
"86813","2"
"86799","1"
"86253","1"
"82758","3"
"87192","1"
"81234","2"
"81038","2"
"83164","1"
"83812","1"
"87658","1"
"84432","3"
"81992","1"
"83772","1"
"85837","2"
"81453","1"
"84714","3"
"82003","2"
"85021","1"
"88774","2"
"82058","5"
"87706","2"
"85896","1"
"81827","1"
"84191","1"
"86656","1"
"80931","1"
"80515","2"
"80380","4"
"84540","2"
"81680","2"
"84812","2"
"84860","1"
"89309","1"
"85754","1"
"89945","1"
"83280","2"
"88195","3"
"82059","1"
"82545","1"
"85110","1"
"86796","2"
"85461","3"
"80654","3"
"80094","7"
"83156","2"
"86191","2"
"88215","1"
"84590","2"
"80869","1"
"81298","6"
"84043","1"
"88080","2"
"84189","2"
"82217","4"
"88102","1"
"85929","3"
"86538","1"
"88851","1"
"89338","1"
"80484","4"
"84719","1"
"85305","2"
"85789","1"
"81790","5"
"88017","1"
"80584","3"
"80739","1"
"82082","3"
"87220","3"
"81486","2"
"81872","1"
"85652","1"
"80085","3"
"82642","1"
"80384","4"
"88043","3"
"88932","1"
"80328","2"
"89722","1"
"83681","2"
"88064","1"
"82661","3"
"83385","2"
"85350","1"
"87235","1"
"86912","1"
"89540","3"
"86715","2"
"80844","2"
"87818","1"
"82038","2"
"83173","1"
"84948","1"
"81168","1"
"89717","2"
"86451","1"
"84293","1"
"86463","2"
"86242","1"
"84744","4"
"81086","3"
"85078","3"
"88930","1"
"80918","4"
"87076","2"
"83965","1"
"89177","1"
"89911","1"
"83463","1"
"80810","1"
"80528","1"
"89675","1"
"82387","1"
"85088","2"
"83015","1"
"81639","2"
"86502","1"
"80278","3"
"84462","1"
"84139","1"
"83882","3"
"89068","2"
"81340","3"
"86562","2"
"81243","1"
"81230","2"
"82859","5"
"85126","2"
"80514","1"
"80018","4"
"84068","1"
"85939","2"
"85866","2"
"88226","1"
"86425","1"
"84169","1"
"80896","1"
"82528","2"
"83274","2"
"81683","2"
"85062","1"
"88135","2"
"80804","2"
"83608","2"
"84046","2"
"84705","1"
"86881","1"
"88235","2"
"89598","1"
"84897","1"
"82960","2"
"81430","1"
"86832","3"
"89345","2"
"84393","1"
"87832","2"
"81847","2"
"89997","3"
"80363","2"
"81165","2"
"84862","1"
"81401","6"
"80147","1"
"87677","1"
"87238","2"
"88343","2"
"87859","1"
"80768","1"
"80856","1"
"83657","1"
"85690","1"
"89107","1"
"89246","2"
"82037","3"
"84081","3"
"80778","1"
"82251","1"
"82901","6"
"85156","1"
"84499","1"
"80776","1"
"81562","3"
"89320","2"
"82119","1"
"85388","2"
"80002","2"
"80151","1"
"80593","2"
"87580","1"
"82234","2"
"89324","1"
"82684","3"
"84863","3"
"83003","1"
"83797","1"
"83707","1"
"81690","1"
"87412","1"
"85924","2"
"80795","1"
"83490","1"
"89716","1"
"82745","2"
"85568","1"
"89199","1"
"80999","2"
"88958","1"
"82062","2"
"83437","1"
"81624","4"
"80259","2"
"83737","1"
"84380","3"
"86108","1"
"82188","3"
"87478","1"
"86717","3"
"83407","1"
"83952","1"
"89554","1"
"87570","1"
"85447","2"
"81096","2"
"85673","1"
"81524","3"
"87498","1"
"87911","3"
"82785","2"
"87802","2"
"86457","1"
"81133","3"
"86037","2"
"84939","2"
"82186","1"
"85218","3"
"86513","2"
"86222","1"
"82291","5"
"83680","1"
"89909","1"
"82597","1"
"80000","1"
"84025","1"
"88458","1"
"83043","5"
"81846","1"
"84112","1"
"82254","1"
"81505","2"
"84413","1"
"87611","2"
"83135","2"
"86207","2"
"89916","1"
"88241","1"
"82395","1"
"82349","2"
"82384","1"
"86800","2"
"88972","1"
"81051","1"
"80866","2"
"88268","1"
"83543","5"
"81526","1"
"86267","1"
"80011","1"
"86971","1"
"88565","1"
"81883","1"
"81808","2"
"88497","1"
"86604","1"
"80599","1"
"83357","3"
"87010","2"
"83171","1"
"87150","2"
"85915","2"
"87329","2"
"83953","1"
"82585","4"
"84326","2"
"81439","3"
"80873","3"
"86237","1"
"86101","2"
"81144","2"
"81924","1"
"83940","2"
"80993","2"
"86671","2"
"82961","5"
"84800","2"
"88362","3"
"80746","2"
"85718","3"
"85312","1"
"82464","2"
"82166","3"
"81342","1"
"80707","4"
"87302","2"
"83628","4"
"85701","2"
"85483","2"
"87803","1"
"83050","4"
"80340","1"
"87596","1"
"84357","1"
"86976","1"
"80841","1"
"81682","1"
"81025","4"
"89975","2"
"82187","1"
"86678","2"
"86314","1"
"80700","4"
"86419","3"
"83880","4"
"84340","1"
"86539","2"
"83433","2"
"81881","1"
"85122","1"
"86384","1"
"84781","2"
"83511","3"
"88264","2"
"81343","2"
"89233","1"
"83746","1"
"80717","1"
"87050","1"
"82939","2"
"81419","2"
"87119","1"
"88962","1"
"87964","3"
"87526","1"
"88688","2"
"81842","3"
"89162","2"
"84693","2"
"89846","1"
"83762","1"
"82401","2"
"89416","1"
"86932","1"
"83123","2"
"82591","1"
"85882","4"
"84974","1"
"86106","1"
"82173","1"
"82143","1"
"81169","1"
"85980","1"
"81606","2"
"80756","3"
"87912","1"
"82772","1"
"83512","3"
"85550","4"
"82261","2"
"81684","2"
"81032","1"
"83212","2"
"82199","1"
"82614","2"
"87149","1"
"88616","2"
"86698","1"
"80497","1"
"84429","1"
"85688","1"
"86524","3"
"82213","1"
"87948","2"
"86909","1"
"87727","1"
"88305","1"
"82964","2"
"85096","1"
"81718","1"
"80460","2"
"89477","1"
"82974","1"
"81797","3"
"87298","2"
"82417","1"
"89743","4"
"88939","1"
"86848","2"
"86039","1"
"84063","1"
"87639","2"
"83675","1"
"89672","1"
"80250","1"
"87011","1"
"89888","1"
"81354","2"
"83756","2"
"82761","1"
"85823","1"
"84201","1"
"86786","2"
"87313","1"
"80427","3"
"85420","1"
"84564","1"
"82061","1"
"85046","1"
"83146","1"
"88564","1"
"89261","1"
"83525","3"
"88198","1"
"86758","2"
"84512","1"
"81650","2"
"80297","1"
"82795","2"
"84793","2"
"83186","2"
"86175","2"
"89681","1"
"87581","1"
"87676","1"
"88083","1"
"88779","2"
"89469","1"
"84975","1"
"87723","2"
"84160","1"
"84783","2"
"80920","1"
"88857","1"
"80815","5"
"80800","2"
"84126","2"
"88633","1"
"87203","1"
"89022","1"
"89677","1"
"83510","1"
"80940","3"
"85058","3"
"86283","3"
"87538","1"
"86121","1"
"83558","1"
"81056","1"
"80588","1"
"82926","1"
"82390","1"
"81058","1"
"81504","1"
"82760","1"
"84881","2"
"83191","2"
"85824","1"
"88037","2"
"86212","1"
"81441","3"
"87200","1"
"89536","1"
"83931","2"
"80044","2"
"89776","1"
"87900","1"
"82856","5"
"85916","1"
"86057","3"
"88225","1"
"84623","3"
"80312","1"
"81444","2"
"84049","2"
"83722","1"
"82798","1"
"81374","1"
"84736","2"
"80748","1"
"80243","4"
"80468","4"
"87114","1"
"85942","4"
"83064","1"
"86967","1"
"86965","1"
"85955","3"
"87781","1"
"82669","2"
"89804","2"
"80360","2"
"87422","2"
"87322","1"
"89268","1"
"89221","1"
"83898","1"
"81943","2"
"81593","4"
"87467","3"
"81179","1"
"81074","2"
"89006","1"
"80771","1"
"85523","2"
"85777","2"
"82695","2"
"86286","2"
"80730","1"
"81131","4"
"83484","2"
"88848","2"
"87923","1"
"82317","2"
"82978","1"
"85700","1"
"80240","2"
"87881","2"
"89986","2"
"82424","2"
"84980","1"
"83518","2"
"89488","1"
"85020","1"
"89066","4"
"89537","1"
"83273","4"
"85822","1"
"84707","1"
"82879","3"
"80523","1"
"87208","1"
"89240","1"
"81843","5"
"81603","1"
"81213","1"
"87629","1"
"83948","2"
"86436","1"
"84424","1"
"89051","1"
"80722","4"
"85663","1"
"84717","1"
"82139","3"
"80864","2"
"82459","1"
"80821","1"
"83972","1"
"81332","2"
"86545","4"
"88781","1"
"85365","1"
"83441","1"
"83966","2"
"80725","5"
"84922","3"
"80253","3"
"81527","1"
"85905","1"
"87831","1"
"86977","2"
"85793","1"
"83440","2"
"87399","1"
"86396","1"
"87550","3"
"82129","1"
"80291","2"
"81307","1"
"88604","1"
"89042","1"
"86050","2"
"84455","1"
"80671","2"
"86775","3"
"86627","2"
"85815","1"
"86761","3"
"86729","1"
"81322","2"
"83404","1"
"84889","1"
"80364","2"
"81760","4"
"83893","1"
"81161","2"
"83024","1"
"83995","1"
"82571","1"
"89940","1"
"88641","1"
"82245","1"
"81438","3"
"89513","1"
"85053","2"
"82660","3"
"86092","2"
"87745","1"
"88023","1"
"88328","2"
"80156","4"
"88329","1"
"86153","1"
"87630","1"
"80689","2"
"85819","3"
"85771","1"
"89506","1"
"82338","1"
"84017","2"
"88464","1"
"83340","2"
"85382","3"
"83559","2"
"86586","1"
"86470","1"
"84686","2"
"80453","1"
"81105","3"
"80206","3"
"88378","1"
"80287","3"
"89989","3"
"88673","2"
"83678","2"
"86499","1"
"88880","1"
"86443","2"
"84119","2"
"82299","2"
"88371","1"
"82945","2"
"84028","4"
"88097","1"
"82232","2"
"87530","1"
"89618","1"
"80137","2"
"80959","3"
"85729","1"
"86948","2"
"82443","3"
"85773","2"
"87182","4"
"83901","3"
"89247","1"
"89465","1"
"84768","1"
"80545","1"
"80420","2"
"86177","1"
"81316","1"
"87827","1"
"87899","3"
"81871","2"
"84945","1"
"88201","1"
"83373","3"
"86315","2"
"88801","2"
"82912","1"
"87306","1"
"86310","1"
"89985","1"
"85602","1"
"88063","1"
"82152","1"
"81132","1"
"80385","2"
"83213","1"
"87991","2"
"82845","2"
"88804","1"
"84977","3"
"80143","2"
"83435","2"
"86389","1"
"87698","1"
"83062","2"
"80966","2"
"82015","3"
"87122","1"
"89744","1"
"80544","1"
"80529","1"
"86209","1"
"81429","2"
"81625","2"
"89151","1"
"82748","1"
"82873","3"
"84294","1"
"82925","3"
"85764","3"
"83101","2"
"81801","3"
"85079","2"
"85612","3"
"83345","2"
"82020","2"
"83516","2"
"80060","1"
"84074","2"
"82149","3"
"84281","3"
"86070","1"
"83644","1"
"87488","1"
"85015","2"
"80721","2"
"87549","1"
"84556","2"
"80634","2"
"89375","2"
"89255","2"
"83975","1"
"80295","1"
"87585","2"
"88592","1"
"86567","2"
"80304","3"
"85897","1"
"81026","1"
"83533","3"
"81031","2"
"88561","3"
"82720","1"
"86189","1"
"85769","2"
"88233","1"
"80233","1"
"86256","1"
"81988","1"
"88832","2"
"80905","2"
"86418","1"
"80314","1"
"89420","2"
"82963","1"
"81716","2"
"80315","3"
"84358","3"
"83751","3"
"82637","1"
"86391","2"
"81209","2"
"88072","1"
"84626","3"
"80526","2"
"86722","1"
"82831","3"
"82962","1"
"80485","3"
"88239","2"
"87338","2"
"85112","1"
"80217","4"
"84838","4"
"89538","1"
"85860","2"
"83335","5"
"85836","1"
"87528","1"
"88656","1"
"82861","1"
"81515","1"
"81921","1"
"88863","1"
"86713","1"
"89293","1"
"80006","2"
"88700","1"
"85244","2"
"84107","2"
"88509","1"
"83430","3"
"84972","1"
"88477","1"
"83565","1"
"88057","2"
"88098","1"
"83585","1"
"80720","2"
"85585","1"
"83583","1"
"80991","4"
"83483","2"
"83692","3"
"83535","3"
"87690","2"
"85806","2"
"83233","1"
"83270","1"
"82793","1"
"86164","1"
"85004","2"
"86348","1"
"80392","3"
"83313","5"
"83732","1"
"84787","1"
"87407","2"
"88903","1"
"83976","1"
"84506","1"
"89991","2"
"88069","1"
"87622","2"
"85429","3"
"87712","1"
"89763","1"
"81584","5"
"82365","1"
"81591","1"
"87704","2"
"80500","1"
"80188","2"
"83863","3"
"86889","1"
"87800","1"
"88314","3"
"83961","2"
"87879","1"
"82324","1"
"87613","1"
"84568","1"
"84416","1"
"89070","1"
"87627","1"
"85569","2"
"86303","1"
"88754","1"
"85657","2"
"85477","1"
"89738","1"
"85243","1"
"82522","1"
"86636","2"
"83553","2"
"89798","2"
"86319","2"
"88402","1"
"82138","2"
"82801","1"
"88809","1"
"85471","1"
"85506","1"
"87660","1"
"83460","2"
"81451","1"
"82153","2"
"84094","1"
"82764","2"
"86266","1"
"82675","1"
"82794","2"
"81652","1"
"80563","5"
"86093","1"
"86154","3"
"89459","1"
"80811","3"
"83513","1"
"84636","2"
"86628","3"
"88340","2"
"85680","1"
"88889","2"
"88015","1"
"83027","1"
"88591","1"
"86843","1"
"86913","1"
"85946","1"
"89373","2"
"81835","2"
"88646","1"
"85384","1"
"86216","3"
"81563","1"
"82042","2"
"81095","2"
"80166","2"
"80490","1"
"83413","1"
"86670","1"
"82461","2"
"86051","1"
"87975","1"
"85487","1"
"84836","1"
"81310","2"
"89775","1"
"81167","2"
"82555","1"
"81984","1"
"80102","1"
"86732","3"
"84608","2"
"85268","3"
"82027","2"
"87917","1"
"86629","1"
"88788","2"
"87736","1"
"84966","1"
"88320","1"
"80096","7"
"80216","2"
"83810","4"
"84476","2"
"81415","5"
"81171","2"
"89312","2"
"87411","2"
"84968","1"
"81913","1"
"82205","1"
"84465","1"
"86581","1"
"83867","1"
"88994","4"
"88463","1"
"86508","1"
"80164","4"
"86833","2"
"80432","4"
"88689","1"
"86488","1"
"88733","2"
"80840","1"
"80386","2"
"88584","2"
"87417","1"
"83914","1"
"89487","1"
"89529","1"
"83900","3"
"89124","1"
"86390","1"
"89919","2"
"82987","4"
"89595","1"
"81831","1"
"83081","2"
"87230","1"
"88915","1"
"80462","2"
"83753","1"
"80271","1"
"80467","2"
"82976","1"
"87476","1"
"84240","2"
"85247","2"
"80477","3"
"82656","3"
"81123","2"
"88991","1"
"84530","2"
"81878","4"
"82145","1"
"84702","1"
"80853","1"
"85466","1"
"89751","1"
"82491","3"
"87019","1"
"87578","2"
"85848","2"
"83249","1"
"84029","2"
"88649","1"
"88152","3"
"86949","1"
"80371","2"
"85787","2"
"80029","1"
"85827","2"
"81857","4"
"85510","2"
"84014","1"
"85605","2"
"89971","1"
"80914","1"
"81948","2"
"89311","3"
"84858","1"
"87000","1"
"85845","3"
"80464","3"
"83563","1"
"82824","1"
"86184","2"
"83341","1"
"88122","1"
"87838","1"
"82423","1"
"85899","1"
"82450","3"
"83311","1"
"85499","1"
"83021","4"
"80930","3"
"85485","1"
"84765","2"
"86437","1"
"84759","1"
"80681","2"
"87078","1"
"83757","2"
"82936","1"
"89526","2"
"89929","2"
"84106","1"
"86298","1"
"82868","2"
"82607","1"
"83897","1"
"84670","1"
"83641","1"
"85201","3"
"82360","2"
"84113","3"
"81198","3"
"80404","5"
"82819","1"
"86458","2"
"88045","1"
"80020","1"
"81028","1"
"89215","1"
"80648","2"
"81325","2"
"83042","1"
"84323","1"
"86239","1"
"82821","4"
"85408","2"
"87513","3"
"80985","2"
"87097","2"
"89379","2"
"81909","1"
"89905","1"
"88671","1"
"80413","1"
"81411","1"
"80065","3"
"87603","1"
"85123","1"
"83332","2"
"82098","1"
"84841","2"
"86243","2"
"84912","1"
"84417","1"
"85645","2"
"84070","2"
"84152","1"
"86340","2"
"83120","2"
"81789","1"
"83626","1"
"84001","2"
"86475","2"
"84359","5"
"81691","2"
"83279","2"
"81391","1"
"83319","2"
"84128","2"
"82722","4"
"85495","1"
"81256","2"
"80666","4"
"82893","2"
"87792","1"
"86578","2"
"81084","2"
"83203","1"
"80554","1"
"88026","4"
"83532","1"
"86453","1"
"82564","2"
"83659","1"
"87029","2"
"80660","1"
"82906","2"
"89870","2"
"81914","2"
"89680","3"
"88955","1"
"86630","2"
"81247","5"
"88010","1"
"80357","1"
"80419","2"
"86814","3"
"83752","1"
"86197","1"
"80537","4"
"87759","2"
"84621","4"
"82813","2"
"85239","1"
"87807","1"
"80348","4"
"81455","2"
"84377","1"
"80214","1"
"83574","1"
"87808","3"
"81653","1"
"86482","2"
"87647","2"
"88553","1"
"81135","5"
"81954","1"
"81765","1"
"84852","1"
"82469","2"
"84784","1"
"84637","1"
"83167","2"
"87259","1"
"85599","2"
"86169","1"
"84932","1"
"84451","1"
"80987","1"
"82869","2"
"80423","3"
"84936","1"
"80008","3"
"82267","2"
"89996","1"
"82623","2"
"86006","3"
"81834","2"
"81670","4"
"82327","2"
"81330","1"
"85003","1"
"80154","2"
"81895","1"
"87921","1"
"84649","1"
"83226","1"
"87452","2"
"80876","1"
"82347","1"
"84871","2"
"82602","2"
"80399","3"
"82727","1"
"80158","4"
"88006","1"
"83131","2"
"89307","1"
"80802","3"
"87671","2"
"84672","1"
"80518","3"
"83709","1"
"80121","3"
"85931","1"
"89127","1"
"85393","1"
"85832","1"
"87718","1"
"81216","1"
"81828","2"
"87875","2"
"81433","3"
"80749","2"
"82056","1"
"82501","4"
"85075","1"
"85439","1"
"85035","2"
"85543","2"
"80715","1"
"85703","2"
"89350","1"
"89471","1"
"84778","1"
"82611","2"
"87138","2"
"83234","3"
"81094","1"
"82168","2"
"83612","1"
"85345","1"
"81512","1"
"83421","3"
"85730","1"
"87337","1"
"81664","2"
"80676","3"
"86431","1"
"82228","2"
"88157","1"
"85164","1"
"84375","1"
"85104","2"
"86928","2"
"88420","2"
"80148","3"
"83979","3"
"87901","2"
"88390","1"
"85478","3"
"83378","4"
"82189","1"
"83935","5"
"83613","3"
"83317","1"
"87127","1"
"83447","1"
"80141","1"
"83924","1"
"86724","1"
"87379","1"
"89908","2"
"80597","1"
"84172","2"
"87844","1"
"85716","1"
"80996","1"
"80474","4"
"88060","1"
"83055","2"
"89731","2"
"81268","1"
"85064","1"
"87175","1"
"89822","1"
"80403","3"
"86072","2"
"88989","2"
"82373","2"
"86518","1"
"83660","1"
"89980","1"
"83065","2"
"87625","3"
"81127","1"
"82063","1"
"89491","1"
"89355","2"
"86405","2"
"84003","2"
"88457","1"
"86301","1"
"81483","3"
"80816","1"
"86534","2"
"87199","1"
"86271","1"
"84660","1"
"85085","3"
"80337","1"
"81134","2"
"84286","3"
"89639","4"
"82507","1"
"81709","3"
"89055","2"
"87770","1"
"85574","1"
"80780","1"
"87421","2"
"84087","3"
"83988","2"
"88196","1"
"89157","1"
"82633","1"
"82434","1"
"84589","1"
"82114","3"
"81218","3"
"83856","1"
"89634","1"
"80331","2"
"82415","2"
"84695","1"
"87141","2"
"88186","1"
"83859","1"
"83601","2"
"82398","3"
"88503","2"
"83214","1"
"86277","1"
"87130","1"
"84123","1"
"81445","3"
"82654","2"
"83531","2"
"89224","2"
"82554","1"
"81383","5"
"82282","3"
"84548","2"
"82709","2"
"87710","1"
"89423","2"
"89389","1"
"89175","1"
"81341","1"
"88950","2"
"81666","3"
"86646","1"
"80806","2"
"82229","1"
"87504","2"
"81224","2"
"86803","1"
"83159","1"
"89089","1"
"83534","4"
"82698","3"
"89955","1"
"87134","1"
"83009","1"
"88035","1"
"81258","1"
"86240","3"
"89342","1"
"80041","2"
"83742","1"
"85561","3"
"86777","1"
"82090","1"
"86069","1"
"81817","3"
"82036","2"
"88867","2"
"87752","1"
"81925","1"
"83289","2"
"81204","1"
"87635","3"
"86017","2"
"82701","1"
"81385","1"
"84999","4"
"88001","2"
"82496","3"
"80236","1"
"83846","1"
"83392","1"
"80407","1"
"84510","1"
"88165","1"
"80852","1"
"80046","1"
"85634","1"
"88413","1"
"87628","2"
"87331","1"
"84501","2"
"84045","3"
"80450","2"
"84386","1"
"88858","3"
"87574","1"
"82093","1"
"85816","1"
"87307","1"
"80684","2"
"86934","1"
"89966","1"
"87732","1"
"81555","4"
"80703","2"
"86750","2"
"80123","3"
"82399","2"
"84867","1"
"84505","2"
"82529","1"
"83889","1"
"80818","2"
"87823","1"
"81654","2"
"85511","2"
"80282","1"
"85828","1"
"87945","1"
"86460","2"
"87098","3"
"80025","1"
"85753","4"
"83108","1"
"83768","1"
"86766","2"
"82955","1"
"86408","1"
"83938","1"
"85136","2"
"88307","4"
"84917","2"
"87591","2"
"85908","3"
"83330","3"
"81836","1"
"84694","3"
"89852","1"
"89303","1"
"84217","1"
"83190","1"
"84527","3"
"88471","1"
"83406","1"
"84110","1"
"84859","2"
"82523","2"
"83548","2"
"89941","1"
"85521","1"
"80694","1"
"83740","3"
"88486","1"
"89027","1"
"89504","3"
"81973","3"
"84822","1"
"80086","1"
"84419","1"
"86978","2"
"83564","2"
"84411","1"
"83130","1"
"83829","1"
"82083","2"
"89279","2"
"80092","3"
"87944","1"
"83950","2"
"80983","1"
"86265","2"
"88454","1"
"83844","1"
"80445","1"
"81922","1"
"82676","7"
"84963","1"
"89101","1"
"84234","2"
"83711","1"
"80620","1"
"88040","1"
"80476","2"
"89352","1"
"82312","1"
"81540","2"
"89184","1"
"89248","1"
"84243","2"
"85036","1"
"83620","3"
"82570","2"
"84849","1"
"88511","1"
"86080","3"
"88335","1"
"83176","1"
"83339","2"
"81121","2"
"89227","1"
"85355","2"
"84246","2"
"84162","4"
"80231","1"
"82664","2"
"87895","3"
"89627","2"
"81420","4"
"82400","1"
"83674","2"
"82069","1"
"80429","3"
"82292","2"
"87529","2"
"87056","1"
"80288","2"
"81660","1"
"82077","4"
"88747","1"
"89147","1"
"80192","1"
"80608","2"
"83380","1"
"88536","1"
"83196","2"
"85358","1"
"82895","1"
"83218","2"
"81685","1"
"86685","1"
"85742","2"
"89829","1"
"88466","1"
"85527","1"
"80847","3"
"81347","1"
"82843","1"
"85715","2"
"84607","1"
"81350","1"
"84400","1"
"82923","1"
"88324","1"
"80256","2"
"83314","2"
"82304","3"
"88638","1"
"88744","1"
"89365","2"
"80819","1"
"80789","1"
"80752","1"
"80855","4"
"88311","1"
"80969","3"
"81861","2"
"81356","1"
"88162","1"
"83997","2"
"84954","1"
"89030","1"
"81551","2"
"80777","2"
"80569","1"
"81536","1"
"80063","1"
"82447","1"
"88211","2"
"89267","1"
"81721","4"
"82563","4"
"84699","1"
"87631","1"
"83962","5"
"88935","1"
"85045","2"
"83299","1"
"86528","4"
"85302","2"
"82442","2"
"81873","1"
"86151","2"
"87460","2"
"83989","1"
"81707","2"
"85009","2"
"80741","3"
"81928","3"
"86764","1"
"80911","2"
"84446","4"
"88505","2"
"80691","4"
"89207","2"
"80927","1"
"80611","1"
"84223","2"
"88488","1"
"84192","1"
"85283","1"
"81345","2"
"88062","1"
"81616","5"
"84789","2"
"87481","1"
"81748","1"
"81866","2"
"84475","1"
"81087","1"
"82900","1"
"82613","1"
"81336","3"
"89815","1"
"88223","1"
"85960","2"
"84166","1"
"85692","1"
"80949","1"
"88986","1"
"81249","4"
"81297","2"
"86185","1"
"87334","1"
"86439","1"
"88626","2"
"87562","2"
"87017","1"
"87995","2"
"80248","2"
"89577","2"
"87370","2"
"86857","2"
"82366","5"
"80675","3"
"83733","1"
"88462","2"
"80792","2"
"84300","1"
"88263","1"
"89868","2"
"89339","2"
"81180","3"
"87535","2"
"86826","1"
"80194","2"
"82468","2"
"87761","4"
"81355","3"
"87951","1"
"82272","1"
"81358","3"
"82085","2"
"89679","1"
"81987","1"
"87646","1"
"82746","1"
"84971","1"
"88121","2"
"88105","2"
"81798","1"
"81865","1"
"85839","1"
"86790","2"
"84724","1"
"89740","1"
"84224","1"
"87047","1"
"84616","2"
"88099","1"
"80201","2"
"80376","3"
"85619","2"
"87387","1"
"80172","2"
"84163","3"
"80106","1"
"88959","1"
"85459","2"
"85060","1"
"86480","1"
"82230","3"
"81479","1"
"81107","2"
"87673","1"
"87291","2"
"81041","8"
"80037","2"
"83399","1"
"83899","1"
"83408","1"
"85508","1"
"83719","3"
"85615","2"
"83754","1"
"80255","4"
"86485","2"
"83654","3"
"85150","5"
"83331","1"
"81751","3"
"85228","2"
"82947","3"
"83729","1"
"88174","1"
"88467","2"
"84996","2"
"83528","1"
"83805","4"
"84346","1"
"87979","2"
"84661","1"
"84024","2"
"83584","1"
"80245","1"
"85087","4"
"83708","2"
"81519","3"
"84961","1"
"89867","1"
"85186","1"
"82334","3"
"81904","1"
"82917","1"
"80594","1"
"81089","1"
"84493","1"
"89952","1"
"85723","2"
"88347","3"
"86600","1"
"81312","3"
"82117","3"
"87878","1"
"82849","2"
"88606","2"
"81072","1"
"85032","1"
"80223","3"
"85369","1"
"81516","2"
"88637","1"
"87519","3"
"87737","2"
"80828","1"
"87151","2"
"82666","3"
"86330","1"
"80229","2"
"80900","2"
"86598","1"
"80863","2"
"86213","1"
"89773","2"
"88951","1"
"80397","1"
"88071","2"
"87133","2"
"81015","3"
"81705","2"
"83342","1"
"80998","2"
"81398","1"
"85687","2"
"85833","2"
"88758","2"
"89239","2"
"80081","4"
"82169","3"
"81568","3"
"80962","1"
"85756","1"
"82985","1"
"87054","2"
"88900","2"
"83622","4"
"85880","1"
"86612","3"
"86112","1"
"89755","1"
"87184","1"
"89126","1"
"84909","1"
"88512","2"
"85421","1"
"87275","1"
"86127","2"
"87847","1"
"81141","1"
"83302","4"
"83947","4"
"83153","1"
"82446","4"
"87459","2"
"80724","1"
"80832","2"
"88336","4"
"86447","1"
"86500","2"
"86876","1"
"88768","1"
"81246","2"
"88597","1"
"80948","2"
"81746","1"
"83400","2"
"80673","1"
"88913","2"
"85348","1"
"87711","2"
"82630","1"
"82615","3"
"81541","1"
"82099","1"
"86225","3"
"89802","2"
"87524","1"
"85258","3"
"80512","1"
"88322","2"
"84343","2"
"80176","2"
"88075","1"
"81649","1"
"81735","1"
"81373","2"
"86397","2"
"86058","2"
"81681","2"
"82307","2"
"83913","1"
"82473","1"
"88007","1"
"81103","1"
"87924","1"
"83655","2"
"82379","1"
"83819","1"
"88021","1"
"84041","1"
"86938","1"
"86325","1"
"85862","3"
"84104","1"
"86506","1"
"81202","3"
"87326","1"
"89793","1"
"82128","2"
"88151","2"
"87113","1"
"85006","2"
"81953","4"
"81728","1"
"83188","1"
"89719","2"
"80580","1"
"80981","1"
"87618","3"
"84611","1"
"85493","1"
"81585","2"
"87351","1"
"85259","1"
"87955","1"
"81779","1"
"80782","3"
"83671","2"
"87933","1"
"85993","2"
"89715","2"
"85925","2"
"81885","2"
"89586","1"
"89559","3"
"87857","2"
"81484","4"
"84503","1"
"87254","1"
"84726","2"
"89178","1"
"83361","1"
"85524","3"
"84197","1"
"89243","1"
"86152","1"
"83635","1"
"84603","2"
"84194","2"
"86736","2"
"80513","1"
"85712","1"
"86294","3"
"83877","2"
"80138","2"
"83098","1"
"81786","3"
"81594","2"
"89275","3"
"85204","1"
"88404","1"
"86462","1"
"83090","4"
"83971","2"
"89962","1"
"85792","2"
"87772","1"
"83586","1"
"83587","2"
"87731","2"
"81454","3"
"87317","4"
"86036","1"
"81696","1"
"82302","1"
"83557","1"
"83170","1"
"84655","1"
"86392","1"
"83264","1"
